id,first_name,last_name,email,gender,ip_address
1,Betteann,Agiolfinger,bagiolfinger0@addthis.com,Female,242.96.99.109
2,Biddie,Pude,bpude1@ft.com,Female,157.147.81.187
3,Townie,Geffinger,tgeffinger2@unesco.org,Male,33.137.135.95
4,Sydney,Costellow,scostellow3@simplemachines.org,Male,85.18.223.255
5,Vittoria,Bundy,vbundy4@sphinn.com,Female,194.254.177.94
6,Briano,Patriskson,bpatriskson5@opensource.org,Male,53.39.59.75
7,Lita,Broome,lbroome6@usnews.com,Female,151.84.85.84
8,Jessey,Daybell,jdaybell7@goo.ne.jp,Male,80.251.201.196
9,Geoffrey,Ashborne,gashborne8@utexas.edu,Male,25.32.250.62
10,Claire,Trusler,ctrusler9@cpanel.net,Male,116.197.138.241
11,Myles,Scolland,mscollanda@eventbrite.com,Male,151.246.149.155
12,Devon,Wickins,dwickinsb@aboutads.info,Female,81.81.161.31
13,Krisha,Comrie,kcomriec@last.fm,Male,171.36.182.119
14,Hermina,Beardsell,hbeardselld@twitter.com,Female,130.152.253.86
15,Pam,Espinosa,pespinosae@posterous.com,Female,123.196.61.81
16,Benjamin,Womack,bwomackf@wufoo.com,Male,197.232.27.236
17,Brockie,Trittam,btrittamg@arizona.edu,Male,58.51.56.101
18,Maxi,Ferrey,mferreyh@hc360.com,Female,231.208.157.196
19,Persis,Riglesford,priglesfordi@studiopress.com,Female,88.58.19.155
20,Sergent,Gayther,sgaytherj@youtu.be,Male,19.33.237.106
21,Judie,Harniman,jharnimank@statcounter.com,Female,212.190.31.126
22,Justino,MacNeely,jmacneelyl@slate.com,Male,101.124.87.163
23,Udell,Snelgar,usnelgarm@sina.com.cn,Male,209.7.215.39
24,Chuck,Dongall,cdongalln@youtu.be,Male,59.11.249.45
25,Tabb,Pinchbeck,tpinchbecko@guardian.co.uk,Male,103.160.101.252
26,Xena,Fillan,xfillanp@tinypic.com,Female,251.19.143.135
27,Reggi,Aldrich,raldrichq@freewebs.com,Female,124.65.29.26
28,Warden,Hallsworth,whallsworthr@jiathis.com,Male,62.149.76.183
29,Lovell,Courtese,lcourteses@twitpic.com,Male,232.24.214.228
30,Halette,Olliver,hollivert@lulu.com,Female,70.26.146.142
31,Lamond,Hedaux,lhedauxu@cmu.edu,Male,122.69.245.159
32,Goldie,Brammall,gbrammallv@macromedia.com,Female,244.88.167.32
33,Martynne,China,mchinaw@paypal.com,Female,138.77.59.198
34,Benny,Smalls,bsmallsx@craigslist.org,Male,114.161.238.255
35,Vladamir,Goburn,vgoburny@feedburner.com,Male,67.27.145.83
36,Kynthia,Testin,ktestinz@wisc.edu,Female,169.65.184.97
37,Pennie,Cock,pcock10@prweb.com,Male,89.92.0.198
38,Daphene,Kohring,dkohring11@sina.com.cn,Female,23.54.129.133
39,Urbanus,Roaf,uroaf12@blinklist.com,Male,117.49.122.81
40,Roderick,Gurley,rgurley13@mayoclinic.com,Male,111.64.26.79
41,Fayette,Denekamp,fdenekamp14@discovery.com,Female,170.46.19.16
42,Claudius,Strike,cstrike15@google.ca,Male,194.164.50.12
43,Shaylah,Hugo,shugo16@nyu.edu,Female,103.62.81.180
44,Doralynne,Lazenbury,dlazenbury17@sfgate.com,Female,236.38.236.42
45,Clayborn,Gounel,cgounel18@trellian.com,Male,120.55.203.222
46,Weylin,Shafto,wshafto19@yahoo.co.jp,Male,213.161.229.97
47,Holden,Hadgkiss,hhadgkiss1a@marriott.com,Male,148.101.107.189
48,Archaimbaud,Vasentsov,avasentsov1b@webnode.com,Male,176.218.75.249
49,Gretta,Towndrow,gtowndrow1c@alibaba.com,Female,160.40.225.86
50,Albertina,Keller,akeller1d@reference.com,Female,164.59.66.118
51,Abbey,Iacovides,aiacovides1e@hhs.gov,Male,204.234.245.54
52,Chris,Beig,cbeig1f@netscape.com,Male,156.182.149.162
53,Gregorio,Mussalli,gmussalli1g@tiny.cc,Male,192.86.52.216
54,Griselda,Gillie,ggillie1h@domainmarket.com,Female,237.149.93.154
55,Dorine,Belfield,dbelfield1i@marketwatch.com,Female,99.251.96.254
56,Lanny,Haworth,lhaworth1j@usa.gov,Female,204.188.178.87
57,Annabal,Filipczak,afilipczak1k@disqus.com,Female,239.134.246.229
58,Codie,Ingamells,cingamells1l@redcross.org,Female,178.192.148.75
59,Erminia,Mitskevich,emitskevich1m@ifeng.com,Female,43.144.229.42
60,Patti,Markl,pmarkl1n@yellowpages.com,Female,124.40.115.169
61,Susette,Stanford,sstanford1o@msn.com,Female,41.126.216.201
62,Kelvin,Bendle,kbendle1p@joomla.org,Male,225.146.239.39
63,Teodor,Bilham,tbilham1q@blinklist.com,Male,244.196.145.172
64,Gifford,Packman,gpackman1r@msu.edu,Male,7.85.65.181
65,Tedd,Riba,triba1s@bing.com,Male,137.84.247.80
66,Damon,Kienlein,dkienlein1t@scientificamerican.com,Male,147.73.113.221
67,Roscoe,Tuckley,rtuckley1u@businessweek.com,Male,248.202.139.145
68,Martainn,Toplin,mtoplin1v@oakley.com,Male,1.94.49.65
69,Isabelle,Godain,igodain1w@sina.com.cn,Female,217.183.150.183
70,Birgitta,Bendle,bbendle1x@zdnet.com,Female,218.90.117.6
71,Peggy,Rummery,prummery1y@cocolog-nifty.com,Female,59.22.156.97
72,Augustina,Keatley,akeatley1z@about.com,Female,104.205.104.212
73,Adeline,Perkinson,aperkinson20@latimes.com,Female,208.178.113.190
74,Aguistin,Pothergill,apothergill21@ftc.gov,Male,219.97.164.5
75,Cristine,Baverstock,cbaverstock22@facebook.com,Female,220.185.233.184
76,Mordecai,Huc,mhuc23@huffingtonpost.com,Male,234.107.128.243
77,Berkeley,Gobbet,bgobbet24@friendfeed.com,Male,232.70.171.213
78,Leonhard,Layburn,llayburn25@typepad.com,Male,110.173.225.248
79,Leslie,Simo,lsimo26@indiegogo.com,Male,162.199.19.191
80,Arline,Waddy,awaddy27@diigo.com,Female,228.200.247.174
81,Alvan,Crabtree,acrabtree28@nsw.gov.au,Male,113.183.37.225
82,Jess,Duval,jduval29@constantcontact.com,Male,153.74.242.115
83,Joly,Gallihawk,jgallihawk2a@meetup.com,Female,156.82.82.186
84,Nappie,Reside,nreside2b@simplemachines.org,Male,135.126.250.15
85,Romona,Dyas,rdyas2c@si.edu,Female,193.62.125.138
86,Dulciana,Robben,drobben2d@usnews.com,Female,84.38.157.245
87,Jeramey,Sprowle,jsprowle2e@aboutads.info,Male,203.34.168.146
88,Isadore,Douris,idouris2f@angelfire.com,Male,96.166.234.141
89,Saundra,McFie,smcfie2g@cnbc.com,Male,95.198.124.106
90,Glenden,Albon,galbon2h@printfriendly.com,Male,123.53.133.15
91,Chicky,Haldon,chaldon2i@i2i.jp,Female,22.152.168.163
92,Morlee,Parks,mparks2j@washington.edu,Male,73.229.232.2
93,Robers,Finicj,rfinicj2k@webs.com,Male,78.160.226.104
94,Charla,Desquesnes,cdesquesnes2l@webeden.co.uk,Female,200.115.214.182
95,Jdavie,Margerison,jmargerison2m@guardian.co.uk,Male,49.138.187.185
96,Carlita,Cochet,ccochet2n@livejournal.com,Female,222.91.219.87
97,Ezra,Ferrieroi,eferrieroi2o@cloudflare.com,Male,145.165.176.217
98,Haze,Durtnal,hdurtnal2p@multiply.com,Male,246.158.90.230
99,Oliviero,Brunicke,obrunicke2q@umn.edu,Male,163.249.138.39
100,Leslie,Copins,lcopins2r@alexa.com,Male,47.36.117.199
101,Shirlee,Sparkes,ssparkes2s@tamu.edu,Female,129.88.132.221
102,Ximenes,Lambregts,xlambregts2t@webs.com,Male,129.59.69.225
103,Brita,Digan,bdigan2u@mlb.com,Female,59.165.33.202
104,Christian,Havis,chavis2v@youku.com,Female,246.89.244.228
105,Maia,Hadgkiss,mhadgkiss2w@storify.com,Female,105.7.139.189
106,Eleni,Catonne,ecatonne2x@cornell.edu,Female,245.254.246.235
107,Nial,Beattie,nbeattie2y@bloglines.com,Male,214.136.44.123
108,Lilia,Doerren,ldoerren2z@technorati.com,Female,47.147.166.47
109,Lynna,Partrick,lpartrick30@vimeo.com,Female,59.117.58.184
110,Jeremie,Beardwood,jbeardwood31@bing.com,Male,122.218.242.143
111,Alexander,McIvor,amcivor32@cornell.edu,Male,236.223.19.78
112,Carmine,Hugett,chugett33@indiegogo.com,Female,210.228.20.47
113,Hershel,Felder,hfelder34@4shared.com,Male,172.139.51.3
114,Joline,Deveral,jdeveral35@phpbb.com,Female,199.36.9.51
115,Alastair,Bowskill,abowskill36@myspace.com,Male,109.131.125.126
116,Fiona,Revance,frevance37@jiathis.com,Female,208.207.9.115
117,Madalena,Crannell,mcrannell38@sbwire.com,Female,46.117.27.43
118,Kalli,Shanklin,kshanklin39@statcounter.com,Female,93.159.111.204
119,Claire,Wells,cwells3a@hp.com,Male,68.162.56.101
120,Claire,Vigus,cvigus3b@yellowbook.com,Male,113.53.95.162
121,Mable,Bunton,mbunton3c@gnu.org,Female,246.107.255.255
122,Dorolisa,Lube,dlube3d@tumblr.com,Female,33.132.69.16
123,Olivie,Branford,obranford3e@prweb.com,Female,35.223.203.67
124,Chan,Bucktrout,cbucktrout3f@dailymail.co.uk,Male,117.96.152.23
125,Keith,Rojel,krojel3g@nymag.com,Male,155.169.103.91
126,Adrienne,Leheude,aleheude3h@furl.net,Female,165.95.15.111
127,Kathie,Soper,ksoper3i@shop-pro.jp,Female,188.122.68.73
128,Lyndel,Robbins,lrobbins3j@163.com,Female,94.149.145.157
129,Chrysa,O'Kennedy,cokennedy3k@typepad.com,Female,99.105.46.225
130,Cornelle,Brownsett,cbrownsett3l@icq.com,Female,236.22.170.206
131,Kamila,McPhate,kmcphate3m@timesonline.co.uk,Female,34.251.2.24
132,Lyn,McGill,lmcgill3n@abc.net.au,Female,145.244.158.215
133,Hildegarde,Coldbath,hcoldbath3o@zdnet.com,Female,151.65.20.38
134,Marcy,Schuh,mschuh3p@booking.com,Female,108.171.140.70
135,Mehetabel,McMechan,mmcmechan3q@chicagotribune.com,Female,66.147.101.67
136,Bud,Cheake,bcheake3r@upenn.edu,Male,89.13.46.20
137,Hubie,Cornelis,hcornelis3s@nih.gov,Male,191.114.95.132
138,Herbie,Skitterel,hskitterel3t@sitemeter.com,Male,23.206.16.252
139,Davidson,Nesterov,dnesterov3u@over-blog.com,Male,235.4.198.164
140,Berri,Yaneev,byaneev3v@liveinternet.ru,Female,114.144.100.196
141,Derrick,Easseby,deasseby3w@bloglines.com,Male,28.147.56.80
142,Jaymee,Beccles,jbeccles3x@histats.com,Female,170.126.193.1
143,Tamarra,Gilli,tgilli3y@etsy.com,Female,114.117.219.20
144,Claiborne,Harverson,charverson3z@about.com,Male,21.235.59.218
145,Melanie,Birbeck,mbirbeck40@mail.ru,Female,223.238.119.107
146,Norbert,Drepp,ndrepp41@seesaa.net,Male,221.215.106.45
147,Corinne,Gaskin,cgaskin42@furl.net,Female,93.143.37.244
148,Rand,Kerby,rkerby43@businesswire.com,Male,186.192.203.101
149,Glad,Biss,gbiss44@auda.org.au,Female,3.150.180.92
150,Marie,Rosoman,mrosoman45@forbes.com,Female,83.161.194.77
151,Odessa,Paolini,opaolini46@wikimedia.org,Female,11.49.245.87
152,Mikel,Sarton,msarton47@prlog.org,Male,101.181.208.9
153,Jackie,Figin,jfigin48@blogspot.com,Male,126.130.124.207
154,Gray,McMurdo,gmcmurdo49@google.es,Male,73.1.168.130
155,Shannon,Haug,shaug4a@miibeian.gov.cn,Male,203.1.250.187
156,Khalil,Kendle,kkendle4b@abc.net.au,Male,223.172.254.21
157,Ernestine,Petken,epetken4c@usgs.gov,Female,39.1.206.139
158,Kiersten,Ling,kling4d@disqus.com,Female,97.98.129.222
159,Thekla,Syred,tsyred4e@posterous.com,Female,213.103.98.41
160,Evelin,Timby,etimby4f@devhub.com,Male,243.25.225.184
161,Cob,Doogan,cdoogan4g@feedburner.com,Male,27.35.37.228
162,Roddy,Pleming,rpleming4h@china.com.cn,Male,69.59.127.47
163,Farrel,Ridgedell,fridgedell4i@wp.com,Male,169.244.162.95
164,Natalina,Cutcliffe,ncutcliffe4j@123-reg.co.uk,Female,241.6.19.83
165,Madelin,Bullard,mbullard4k@bloomberg.com,Female,153.89.63.226
166,Tedda,Esler,tesler4l@is.gd,Female,84.49.44.8
167,Chrystel,Rickets,crickets4m@elpais.com,Female,196.68.194.131
168,Felicle,Michael,fmichael4n@elpais.com,Female,126.31.116.59
169,Bernie,Zannotti,bzannotti4o@de.vu,Female,28.204.36.209
170,Claresta,Dearness,cdearness4p@com.com,Female,196.115.96.38
171,Rafaelia,Kliement,rkliement4q@wired.com,Female,120.14.19.21
172,Yehudi,Baudet,ybaudet4r@hubpages.com,Male,173.166.136.171
173,Leilah,Taffarello,ltaffarello4s@imageshack.us,Female,253.167.31.33
174,Eda,Wilce,ewilce4t@friendfeed.com,Female,181.66.198.0
175,North,Keppie,nkeppie4u@auda.org.au,Male,79.244.61.128
176,Dalila,Castellone,dcastellone4v@latimes.com,Female,57.247.96.169
177,Melisa,Minnock,mminnock4w@lycos.com,Female,177.8.25.65
178,Krispin,Tamplin,ktamplin4x@tuttocitta.it,Male,106.64.226.81
179,Atalanta,Nairy,anairy4y@webmd.com,Female,94.201.155.99
180,Katti,Swate,kswate4z@webnode.com,Female,189.42.17.50
181,Marga,Filpi,mfilpi50@ted.com,Female,163.188.181.175
182,Ingaberg,Camellini,icamellini51@alexa.com,Female,158.235.127.25
183,Shepperd,Walduck,swalduck52@ft.com,Male,103.243.218.63
184,Jojo,Burnall,jburnall53@narod.ru,Female,238.232.45.214
185,Cyrus,Bakesef,cbakesef54@amazonaws.com,Male,167.160.160.212
186,Decca,Burvill,dburvill55@dell.com,Male,186.49.170.254
187,Codi,Zienkiewicz,czienkiewicz56@scientificamerican.com,Female,173.162.14.7
188,Mable,Batie,mbatie57@mediafire.com,Female,215.219.26.232
189,Raimundo,Greatex,rgreatex58@forbes.com,Male,74.36.49.241
190,Arch,Surtees,asurtees59@skyrock.com,Male,210.87.41.181
191,Darla,Wadforth,dwadforth5a@paginegialle.it,Female,173.84.194.149
192,Denver,Redolfi,dredolfi5b@blogger.com,Male,60.160.240.21
193,Gilemette,Cowburn,gcowburn5c@goo.gl,Female,15.155.23.95
194,Jasmina,Trevor,jtrevor5d@omniture.com,Female,127.54.193.57
195,Onida,Caddie,ocaddie5e@cornell.edu,Female,228.1.185.151
196,Olia,Ilewicz,oilewicz5f@hostgator.com,Female,70.76.97.38
197,Lisha,MacGlory,lmacglory5g@economist.com,Female,213.92.78.175
198,Othello,Clair,oclair5h@comsenz.com,Male,140.245.168.79
199,Maye,Venable,mvenable5i@csmonitor.com,Female,156.79.133.196
200,Liva,Vernon,lvernon5j@timesonline.co.uk,Female,94.109.118.107
201,Aurelie,Clemson,aclemson5k@bloglovin.com,Female,38.69.92.107
202,Adolpho,Gasken,agasken5l@mit.edu,Male,127.106.189.5
203,Ange,Collings,acollings5m@typepad.com,Male,190.134.165.69
204,Agathe,Rappoport,arappoport5n@cdc.gov,Female,146.10.119.63
205,Gawain,Labba,glabba5o@businesswire.com,Male,76.139.177.52
206,Fremont,Slevin,fslevin5p@mail.ru,Male,44.130.190.47
207,Brennen,Ciani,bciani5q@parallels.com,Male,22.35.204.150
208,Robina,Paulich,rpaulich5r@harvard.edu,Female,226.190.38.27
209,Petronella,Drage,pdrage5s@cdc.gov,Female,234.188.235.219
210,Valma,Nears,vnears5t@woothemes.com,Female,175.59.152.107
211,Amerigo,Peepall,apeepall5u@cbslocal.com,Male,149.230.22.20
212,Alberta,D'Enrico,adenrico5v@epa.gov,Female,91.65.251.151
213,Alejoa,Clemencet,aclemencet5w@mtv.com,Male,233.189.61.205
214,Maryl,Amery,mamery5x@123-reg.co.uk,Female,13.244.245.179
215,Melisandra,Holdron,mholdron5y@bloglovin.com,Female,187.69.140.255
216,Allissa,Blofeld,ablofeld5z@google.fr,Female,25.98.222.94
217,Emanuele,Divall,edivall60@icio.us,Male,245.40.136.73
218,Cecil,Roskelley,croskelley61@taobao.com,Male,112.167.44.238
219,Moyra,Farren,mfarren62@163.com,Female,129.26.227.157
220,Harrietta,Liddell,hliddell63@reverbnation.com,Female,199.115.116.104
221,Leeanne,Francais,lfrancais64@instagram.com,Female,243.221.64.238
222,Allina,Phelip,aphelip65@nasa.gov,Female,43.151.229.193
223,Cate,MacPhee,cmacphee66@blinklist.com,Female,187.36.13.221
224,Antoni,Stonbridge,astonbridge67@springer.com,Male,144.79.136.71
225,Gusti,Volage,gvolage68@canalblog.com,Female,198.136.68.206
226,Alicea,Kingzett,akingzett69@woothemes.com,Female,31.220.94.255
227,Melosa,Mcwhinnie,mmcwhinnie6a@multiply.com,Female,64.161.136.102
228,Sibella,Messam,smessam6b@twitter.com,Female,137.11.226.11
229,Waldemar,Joss,wjoss6c@domainmarket.com,Male,66.108.197.223
230,Adrien,Kissock,akissock6d@redcross.org,Male,154.70.47.2
231,Lane,Glencorse,lglencorse6e@apache.org,Male,23.186.3.184
232,Rennie,Nurny,rnurny6f@cbsnews.com,Female,192.158.71.173
233,Livy,Mowson,lmowson6g@go.com,Female,167.244.82.245
234,Gisella,Winman,gwinman6h@bbc.co.uk,Female,236.38.104.152
235,Gertrud,Fishbourn,gfishbourn6i@a8.net,Female,200.253.16.57
236,Duky,Agastina,dagastina6j@home.pl,Male,62.252.206.89
237,Ardenia,Adnams,aadnams6k@senate.gov,Female,148.183.92.150
238,Ernestus,Morston,emorston6l@imageshack.us,Male,113.18.199.174
239,Bobinette,Spours,bspours6m@trellian.com,Female,243.245.219.131
240,Broderic,Playden,bplayden6n@intel.com,Male,64.108.227.80
241,Abby,Binch,abinch6o@fotki.com,Female,144.255.230.73
242,Maryjo,Poizer,mpoizer6p@discuz.net,Female,181.169.89.132
243,Terra,Basley,tbasley6q@senate.gov,Female,211.78.95.73
244,Herold,Sommerscales,hsommerscales6r@merriam-webster.com,Male,81.198.33.32
245,Calhoun,Schuler,cschuler6s@chronoengine.com,Male,117.236.100.145
246,Sigismund,Bonifacio,sbonifacio6t@opensource.org,Male,12.8.255.150
247,Rainer,Spear,rspear6u@columbia.edu,Male,45.137.114.248
248,Darryl,Prendergrass,dprendergrass6v@hp.com,Female,54.67.155.39
249,Katy,Chapleo,kchapleo6w@1und1.de,Female,133.153.49.97
250,Trace,Czajkowska,tczajkowska6x@zdnet.com,Male,112.5.192.230
251,Marshal,Scherer,mscherer6y@jalbum.net,Male,171.1.4.98
252,Calvin,Cardon,ccardon6z@4shared.com,Male,92.155.219.177
253,Marissa,Mariette,mmariette70@meetup.com,Female,202.249.9.131
254,Masha,Benoy,mbenoy71@live.com,Female,140.245.29.25
255,Farris,Haskey,fhaskey72@privacy.gov.au,Male,136.97.240.41
256,Laurie,Mansel,lmansel73@vkontakte.ru,Male,151.81.240.238
257,Der,Daldan,ddaldan74@hatena.ne.jp,Male,223.244.145.218
258,Guilbert,Sweeny,gsweeny75@thetimes.co.uk,Male,26.43.134.146
259,Adelbert,Gullan,agullan76@cbsnews.com,Male,136.66.20.45
260,Pauly,Durant,pdurant77@tmall.com,Male,196.127.53.137
261,Gearard,Diggins,gdiggins78@seesaa.net,Male,38.221.15.75
262,Leesa,Zorener,lzorener79@usgs.gov,Female,222.85.92.113
263,Lucy,Hudel,lhudel7a@printfriendly.com,Female,74.244.124.176
264,Cammie,Tidey,ctidey7b@delicious.com,Female,109.224.111.101
265,Reeva,Bierman,rbierman7c@comcast.net,Female,44.99.18.245
266,Witty,Nials,wnials7d@buzzfeed.com,Male,38.203.16.6
267,Carling,Jerschke,cjerschke7e@godaddy.com,Male,122.67.119.220
268,Beverley,Clubley,bclubley7f@icq.com,Female,2.1.67.129
269,Clem,Rasch,crasch7g@vkontakte.ru,Male,93.175.148.160
270,Vernen,Propper,vpropper7h@bluehost.com,Male,201.122.253.129
271,Lavinie,Wetheril,lwetheril7i@weibo.com,Female,235.240.34.140
272,Gui,Dingivan,gdingivan7j@washington.edu,Female,20.117.203.6
273,Brina,Mumbray,bmumbray7k@gov.uk,Female,234.228.144.29
274,Merrill,Cahen,mcahen7l@sourceforge.net,Male,205.250.75.121
275,Dina,McRavey,dmcravey7m@nhs.uk,Female,181.35.186.93
276,Sandy,Stranks,sstranks7n@globo.com,Male,156.201.118.0
277,Mathe,Randleson,mrandleson7o@youtube.com,Male,224.162.85.141
278,Teodorico,Bettis,tbettis7p@fc2.com,Male,63.177.157.136
279,Angelique,Calvert,acalvert7q@weebly.com,Female,118.8.19.69
280,Tania,Ridder,tridder7r@weibo.com,Female,140.150.149.106
281,Vanni,Kennedy,vkennedy7s@123-reg.co.uk,Female,152.16.224.136
282,Fair,Eberlein,feberlein7t@webmd.com,Male,242.127.76.145
283,Randee,Autrie,rautrie7u@storify.com,Female,192.3.228.197
284,Brodie,Manson,bmanson7v@time.com,Male,169.217.238.51
285,Quintana,Barnicott,qbarnicott7w@independent.co.uk,Female,29.119.171.176
286,Cordy,Ilymanov,cilymanov7x@npr.org,Male,202.126.57.249
287,Ellery,Poston,eposton7y@cbc.ca,Male,54.58.64.57
288,Neron,Leftbridge,nleftbridge7z@tumblr.com,Male,44.200.229.60
289,Welch,Ainslee,wainslee80@51.la,Male,80.80.219.42
290,Mavra,McQuorkell,mmcquorkell81@dailymotion.com,Female,23.50.167.21
291,Maurita,Dodd,mdodd82@alibaba.com,Female,16.141.45.255
292,Rutter,Ledes,rledes83@bloomberg.com,Male,83.110.120.184
293,Leelah,Pencott,lpencott84@flavors.me,Female,43.202.156.98
294,Carmelita,Szantho,cszantho85@unblog.fr,Female,242.2.236.248
295,Maxy,Striker,mstriker86@msu.edu,Female,72.252.139.247
296,Hymie,Crocket,hcrocket87@51.la,Male,11.8.204.155
297,Kevina,McNelis,kmcnelis88@oakley.com,Female,187.88.7.230
298,Barbe,Garnsworthy,bgarnsworthy89@rambler.ru,Female,244.125.50.147
299,Katy,Stiegar,kstiegar8a@hibu.com,Female,125.137.131.22
300,Svend,Winchester,swinchester8b@soundcloud.com,Male,98.242.171.82
301,Kennan,Wilkin,kwilkin8c@mapquest.com,Male,52.82.64.197
302,Hally,Cragoe,hcragoe8d@upenn.edu,Female,23.32.130.57
303,Scot,Gronaver,sgronaver8e@amazon.co.uk,Male,249.128.235.23
304,Claiborne,Loins,cloins8f@flavors.me,Male,113.247.36.107
305,Ginny,Nail,gnail8g@blinklist.com,Female,209.253.147.85
306,Giffy,Varah,gvarah8h@marriott.com,Male,56.52.89.121
307,Sheri,Kiossel,skiossel8i@sakura.ne.jp,Female,86.92.179.121
308,Marty,Tombleson,mtombleson8j@berkeley.edu,Female,222.133.7.127
309,Annabal,Vassano,avassano8k@archive.org,Female,189.125.13.236
310,Abeu,Goley,agoley8l@auda.org.au,Male,227.138.224.175
311,Free,Sawood,fsawood8m@jigsy.com,Male,149.60.20.140
312,Dalenna,Tomkins,dtomkins8n@desdev.cn,Female,179.110.124.175
313,Aubert,Cuffe,acuffe8o@sphinn.com,Male,179.186.14.168
314,Alfonse,Ligertwood,aligertwood8p@bloglovin.com,Male,121.31.84.153
315,Jules,Brandsen,jbrandsen8q@studiopress.com,Male,110.224.17.187
316,Libbie,Vanne,lvanne8r@oracle.com,Female,137.247.154.136
317,Joe,Crosskell,jcrosskell8s@homestead.com,Male,68.134.182.191
318,Meir,Trimme,mtrimme8t@multiply.com,Male,7.218.189.111
319,Billye,Snelgar,bsnelgar8u@tumblr.com,Female,196.164.238.122
320,Jasmine,Lorait,jlorait8v@weebly.com,Female,10.246.142.194
321,Holly,Corbitt,hcorbitt8w@fc2.com,Female,229.108.67.143
322,Cristen,Bruckner,cbruckner8x@usda.gov,Female,211.27.135.44
323,Ringo,Devonald,rdevonald8y@cafepress.com,Male,176.255.12.75
324,Livy,Luxton,lluxton8z@ehow.com,Female,108.135.247.211
325,Zollie,Pavlitschek,zpavlitschek90@surveymonkey.com,Male,252.126.72.52
326,Collete,Lindermann,clindermann91@answers.com,Female,231.61.179.29
327,Moishe,Agius,magius92@nps.gov,Male,99.55.147.252
328,Madel,Brissenden,mbrissenden93@cnbc.com,Female,143.80.2.197
329,Paxon,FitzGilbert,pfitzgilbert94@omniture.com,Male,50.75.115.17
330,Julee,Cathee,jcathee95@jiathis.com,Female,67.19.18.127
331,Barnett,Bonass,bbonass96@reference.com,Male,103.128.185.48
332,Dulciana,Ferries,dferries97@mit.edu,Female,67.173.229.24
333,Maisey,Kingsman,mkingsman98@sfgate.com,Female,24.52.119.157
334,Emylee,Skellorne,eskellorne99@example.com,Female,151.111.80.173
335,Sadella,Ratt,sratt9a@intel.com,Female,91.107.191.241
336,Hendrik,Hurche,hhurche9b@elegantthemes.com,Male,90.220.16.53
337,Elyse,Stode,estode9c@msu.edu,Female,110.83.227.32
338,Maritsa,Fermer,mfermer9d@cbsnews.com,Female,180.171.120.12
339,Priscilla,Upham,pupham9e@wikispaces.com,Female,238.26.12.116
340,Reider,Coltart,rcoltart9f@meetup.com,Male,185.20.233.62
341,Gaspar,Bull,gbull9g@chronoengine.com,Male,234.193.169.122
342,Deeann,Chateau,dchateau9h@google.com.au,Female,27.2.143.109
343,Karlie,Rodie,krodie9i@skyrock.com,Female,113.207.10.223
344,Aluin,Cantu,acantu9j@marriott.com,Male,214.132.123.165
345,Caron,Keam,ckeam9k@blogger.com,Female,242.249.24.120
346,Asia,Slowgrave,aslowgrave9l@howstuffworks.com,Female,226.240.119.212
347,Thaine,Troy,ttroy9m@addtoany.com,Male,226.68.154.39
348,Adlai,Canete,acanete9n@japanpost.jp,Male,47.166.120.25
349,Ulysses,Settle,usettle9o@vinaora.com,Male,58.30.229.126
350,Kevon,O' Gara,kogara9p@hatena.ne.jp,Male,191.14.177.7
351,Alika,Seabrocke,aseabrocke9q@constantcontact.com,Female,184.85.4.193
352,Neal,Rengger,nrengger9r@wp.com,Male,248.108.175.113
353,Bibbye,Karlolak,bkarlolak9s@csmonitor.com,Female,47.56.124.220
354,Kristopher,Decourcy,kdecourcy9t@vk.com,Male,21.140.112.3
355,Victoria,Coxen,vcoxen9u@china.com.cn,Female,48.181.126.42
356,Adora,Beekmann,abeekmann9v@drupal.org,Female,165.234.53.193
357,Julianna,Sallans,jsallans9w@live.com,Female,194.229.216.210
358,Florrie,McCloud,fmccloud9x@nba.com,Female,31.243.189.65
359,Rich,Bowering,rbowering9y@cnn.com,Male,32.29.215.11
360,Tedie,Winterson,twinterson9z@timesonline.co.uk,Male,75.18.34.55
361,Mathilda,Rivelin,mrivelina0@dedecms.com,Female,32.1.220.214
362,Norine,Lashford,nlashforda1@ox.ac.uk,Female,83.189.73.94
363,Liva,Trousdell,ltrousdella2@blinklist.com,Female,9.167.79.21
364,Karyl,Mollin,kmollina3@google.pl,Female,235.144.186.114
365,Saba,Packington,spackingtona4@bloomberg.com,Female,140.243.29.223
366,Brennan,Burgoine,bburgoinea5@webeden.co.uk,Male,66.101.61.225
367,Brigitte,Neild,bneilda6@goo.ne.jp,Female,9.64.188.73
368,Hilton,Schach,hschacha7@t.co,Male,52.245.151.64
369,Bernadette,Jutson,bjutsona8@acquirethisname.com,Female,159.26.239.46
370,Calli,Chastel,cchastela9@apple.com,Female,16.36.244.77
371,Cal,Corner,ccorneraa@irs.gov,Female,36.239.169.144
372,Chris,Warrack,cwarrackab@census.gov,Male,158.19.71.51
373,Ivy,Djorevic,idjorevicac@yolasite.com,Female,145.33.127.52
374,Babette,Bettlestone,bbettlestonead@vk.com,Female,45.232.228.152
375,Dina,Crowley,dcrowleyae@nifty.com,Female,95.166.56.7
376,Luise,Gavey,lgaveyaf@slate.com,Female,130.204.174.141
377,Corby,Evert,cevertag@tumblr.com,Male,255.109.9.199
378,Juliette,Cushelly,jcushellyah@netlog.com,Female,123.35.155.6
379,Alisun,Way,awayai@prlog.org,Female,61.241.161.123
380,Bailie,Parkey,bparkeyaj@tinyurl.com,Male,43.55.48.28
381,Ambrosio,Casine,acasineak@hostgator.com,Male,236.139.141.129
382,Keslie,Danilyak,kdanilyakal@liveinternet.ru,Female,124.1.83.33
383,Catarina,Totterdell,ctotterdellam@umn.edu,Female,147.253.212.180
384,Boyce,Stroder,bstroderan@cpanel.net,Male,247.127.169.177
385,Faydra,Landsborough,flandsboroughao@artisteer.com,Female,177.9.179.24
386,Ky,Aldwick,kaldwickap@stanford.edu,Male,123.58.104.28
387,Jerald,Wincer,jwinceraq@behance.net,Male,17.139.200.60
388,Minne,Porch,mporchar@scribd.com,Female,98.203.74.82
389,Myrlene,Took,mtookas@ucsd.edu,Female,195.247.78.92
390,Melessa,Walton,mwaltonat@upenn.edu,Female,183.36.107.211
391,Ragnar,Labone,rlaboneau@ameblo.jp,Male,61.161.24.141
392,Maria,Beamand,mbeamandav@dailymotion.com,Female,1.29.166.186
393,Perrine,Bracchi,pbracchiaw@usgs.gov,Female,89.32.202.153
394,Iona,McRory,imcroryax@cbsnews.com,Female,192.93.74.17
395,Carlynne,Cecely,ccecelyay@newyorker.com,Female,101.51.184.208
396,Stu,Cardenas,scardenasaz@vk.com,Male,93.152.111.78
397,Gino,Twydell,gtwydellb0@spotify.com,Male,138.227.215.223
398,Arlette,Tomsu,atomsub1@posterous.com,Female,225.187.254.57
399,Irv,Frugier,ifrugierb2@nba.com,Male,248.175.65.201
400,Lamond,Degli Abbati,ldegliabbatib3@last.fm,Male,71.250.222.41
401,Vance,Mandell,vmandellb4@vimeo.com,Male,210.190.189.240
402,Zack,Hambly,zhamblyb5@mapquest.com,Male,235.226.177.193
403,Dyanna,Helder,dhelderb6@zimbio.com,Female,129.48.135.10
404,Joyann,Trehearne,jtrehearneb7@yolasite.com,Female,7.68.238.248
405,Godfree,Worswick,gworswickb8@a8.net,Male,111.182.49.171
406,Eddie,Maddie,emaddieb9@house.gov,Female,125.245.40.163
407,Catarina,Currington,ccurringtonba@theglobeandmail.com,Female,50.6.193.119
408,Emory,Sephton,esephtonbb@deliciousdays.com,Male,189.137.179.108
409,Anabella,Millier,amillierbc@hp.com,Female,179.210.192.197
410,Susanna,Bellelli,sbellellibd@sitemeter.com,Female,177.190.128.217
411,Romeo,Dallemore,rdallemorebe@privacy.gov.au,Male,139.5.137.28
412,Elmo,Pawelczyk,epawelczykbf@xrea.com,Male,61.30.231.50
413,Anissa,Sauvage,asauvagebg@newsvine.com,Female,10.220.166.67
414,Talbert,Ramble,tramblebh@opensource.org,Male,228.129.132.219
415,Hussein,Rigge,hriggebi@bizjournals.com,Male,207.2.204.246
416,Christin,Lequeux,clequeuxbj@godaddy.com,Female,28.95.91.233
417,Lara,Magrane,lmagranebk@blogs.com,Female,207.115.146.4
418,Merrili,Ive,mivebl@pinterest.com,Female,47.242.211.57
419,Harwilll,Perrins,hperrinsbm@about.me,Male,112.195.146.223
420,Hildy,Bilbrook,hbilbrookbn@columbia.edu,Female,144.204.10.193
421,Aymer,McClaurie,amcclauriebo@squarespace.com,Male,219.129.78.111
422,Mort,Maddin,mmaddinbp@census.gov,Male,126.80.129.123
423,Kara-lynn,Loach,kloachbq@sbwire.com,Female,227.217.60.74
424,Vinnie,Reschke,vreschkebr@smugmug.com,Male,161.173.74.116
425,Rustin,Hukin,rhukinbs@java.com,Male,16.133.88.61
426,Leonie,Haslen,lhaslenbt@joomla.org,Female,219.72.96.210
427,Barri,Schruyer,bschruyerbu@apple.com,Male,164.73.25.111
428,Darcy,O'Hare,doharebv@businesswire.com,Female,194.19.238.20
429,Stearne,Vaen,svaenbw@youtu.be,Male,166.254.114.52
430,Tris,Tongue,ttonguebx@tinypic.com,Male,238.145.17.129
431,Corrianne,Escolme,cescolmeby@ftc.gov,Female,21.42.50.6
432,Benetta,Fautley,bfautleybz@desdev.cn,Female,43.20.139.35
433,Phylis,Gillett,pgillettc0@t.co,Female,167.41.9.176
434,Zita,Refford,zreffordc1@seesaa.net,Female,134.191.180.214
435,Jerrie,Thorn,jthornc2@ask.com,Male,21.32.107.166
436,Muffin,Rough,mroughc3@privacy.gov.au,Male,121.241.13.255
437,Wallis,Musicka,wmusickac4@slate.com,Female,203.173.240.229
438,Shawn,Petkov,spetkovc5@umn.edu,Male,200.60.186.119
439,Rafe,Petworth,rpetworthc6@ucoz.com,Male,212.252.124.189
440,Rourke,Caddens,rcaddensc7@geocities.com,Male,250.89.210.62
441,Giff,Spenceley,gspenceleyc8@deviantart.com,Male,89.146.232.138
442,Hughie,Viollet,hviolletc9@exblog.jp,Male,157.71.212.230
443,Pen,Comford,pcomfordca@seesaa.net,Male,39.225.190.134
444,Giacinta,Tatershall,gtatershallcb@shop-pro.jp,Female,152.148.114.176
445,Pauli,Sterley,psterleycc@patch.com,Female,20.86.108.122
446,Harlin,Oldridge,holdridgecd@imdb.com,Male,195.122.83.30
447,Scot,Krysztowczyk,skrysztowczykce@umich.edu,Male,57.236.102.121
448,Christi,Jery,cjerycf@vistaprint.com,Female,109.64.49.235
449,Bambi,Gayter,bgaytercg@yellowbook.com,Female,155.49.30.40
450,Jaine,Radish,jradishch@huffingtonpost.com,Female,82.104.172.193
451,Corbie,Bartholomieu,cbartholomieuci@sfgate.com,Male,60.247.30.105
452,Genia,Dominico,gdominicocj@china.com.cn,Female,234.237.100.219
453,Davey,Whitland,dwhitlandck@disqus.com,Male,97.105.126.197
454,Jacquelynn,Blacksland,jblackslandcl@umich.edu,Female,140.124.244.78
455,Aeriel,Roth,arothcm@ovh.net,Female,219.121.201.222
456,Pattie,McGuinness,pmcguinnesscn@eepurl.com,Male,222.121.34.52
457,Hieronymus,Garment,hgarmentco@about.me,Male,69.52.216.198
458,Leonidas,Cabera,lcaberacp@ow.ly,Male,136.69.25.61
459,Myrtice,Seath,mseathcq@surveymonkey.com,Female,171.231.252.249
460,Sigismund,Lofthouse,slofthousecr@nature.com,Male,86.254.88.69
461,Whitney,Erbain,werbaincs@apple.com,Female,196.120.97.71
462,Willi,O'Loinn,woloinnct@nasa.gov,Male,37.33.35.38
463,Joey,Barnet,jbarnetcu@newsvine.com,Male,254.54.129.96
464,Alvinia,Valde,avaldecv@salon.com,Female,226.146.124.16
465,Dori,Bollands,dbollandscw@google.it,Female,139.33.147.69
466,Addie,Stubbs,astubbscx@opera.com,Female,76.44.97.22
467,Ripley,Betho,rbethocy@soup.io,Male,99.154.79.162
468,Bud,Cartmill,bcartmillcz@google.co.uk,Male,128.213.125.221
469,Erna,Ladel,eladeld0@craigslist.org,Female,91.88.85.66
470,Abraham,Sharman,asharmand1@thetimes.co.uk,Male,240.107.120.16
471,Ingra,Kittless,ikittlessd2@microsoft.com,Male,240.92.166.21
472,Aldwin,Blumfield,ablumfieldd3@amazon.com,Male,30.200.186.121
473,Hermina,Poppleton,hpoppletond4@creativecommons.org,Female,92.217.234.139
474,Latrena,Goodrich,lgoodrichd5@histats.com,Female,144.232.245.119
475,Barry,Rolingson,brolingsond6@rediff.com,Male,80.161.35.240
476,Bevan,Giacopello,bgiacopellod7@cafepress.com,Male,253.88.85.147
477,Blanca,Dillingston,bdillingstond8@imageshack.us,Female,90.236.189.201
478,Eliza,Haville,ehavilled9@columbia.edu,Female,60.230.133.221
479,Efrem,Tremblot,etremblotda@myspace.com,Male,12.152.116.50
480,Gonzales,Chitty,gchittydb@constantcontact.com,Male,150.118.159.75
481,Briney,Alonso,balonsodc@jimdo.com,Female,68.158.46.156
482,Sayre,Youde,syoudedd@wikipedia.org,Female,53.162.161.253
483,Mikael,Stockton,mstocktonde@vk.com,Male,16.55.49.16
484,Boony,Pleavin,bpleavindf@posterous.com,Male,147.45.193.161
485,Any,Punchard,apuncharddg@illinois.edu,Male,154.9.112.208
486,Sheila-kathryn,Matitiaho,smatitiahodh@nih.gov,Female,127.37.223.20
487,Thorvald,Wandrey,twandreydi@yahoo.com,Male,123.219.216.105
488,Nerita,Austick,naustickdj@infoseek.co.jp,Female,12.234.26.101
489,Ulrich,Souley,usouleydk@cnbc.com,Male,124.6.75.98
490,Nolie,Steggles,nstegglesdl@miitbeian.gov.cn,Female,187.232.109.158
491,Judd,Petrelluzzi,jpetrelluzzidm@1688.com,Male,19.91.152.31
492,Dalli,Henriques,dhenriquesdn@prnewswire.com,Male,155.120.177.193
493,Ted,Frost,tfrostdo@tiny.cc,Male,191.199.8.31
494,Sabrina,Hill,shilldp@loc.gov,Female,57.192.77.101
495,Myra,Werndly,mwerndlydq@cdbaby.com,Female,153.52.75.54
496,Ermina,Bunner,ebunnerdr@state.tx.us,Female,174.96.200.13
497,Evyn,Mann,emannds@tumblr.com,Male,174.80.130.42
498,Diann,Demare,ddemaredt@wikispaces.com,Female,158.28.70.251
499,Kerstin,Heersema,kheersemadu@alexa.com,Female,182.129.198.227
500,Clementina,Guly,cgulydv@elegantthemes.com,Female,69.50.176.235
501,Allen,Fullbrook,afullbrookdw@dyndns.org,Male,62.48.138.131
502,Kathe,Brimelow,kbrimelowdx@wordpress.org,Female,99.162.63.204
503,Husein,Whipple,hwhippledy@epa.gov,Male,198.253.95.204
504,Starla,Jann,sjanndz@feedburner.com,Female,60.186.227.173
505,Gris,Cardnell,gcardnelle0@youtube.com,Male,65.38.69.178
506,Agatha,Jiras,ajirase1@123-reg.co.uk,Female,236.154.182.15
507,Melisa,Nesey,mneseye2@deliciousdays.com,Female,192.184.107.187
508,Frannie,Branche,fbranchee3@sphinn.com,Male,240.232.64.234
509,Annemarie,Cherry Holme,acherryholmee4@nsw.gov.au,Female,7.89.143.87
510,Curtis,Broadis,cbroadise5@google.com.br,Male,15.140.101.116
511,Britta,Silley,bsilleye6@usatoday.com,Female,156.35.77.100
512,Malena,Klemke,mklemkee7@dion.ne.jp,Female,122.198.82.160
513,Cheslie,Saltmarsh,csaltmarshe8@sohu.com,Female,153.219.103.76
514,Lionello,Paddeley,lpaddeleye9@vk.com,Male,179.209.103.112
515,Inglebert,Goulston,igoulstonea@oakley.com,Male,69.136.44.98
516,Tybi,Reddel,treddeleb@cisco.com,Female,50.238.204.195
517,Theda,Baskerfield,tbaskerfieldec@reverbnation.com,Female,153.126.152.203
518,Callean,Laughlin,claughlined@sakura.ne.jp,Male,77.209.168.56
519,Tobe,Dudderidge,tdudderidgeee@webnode.com,Male,111.41.235.138
520,Brier,Antic,banticef@telegraph.co.uk,Female,205.63.123.53
521,Vonnie,Albone,valboneeg@wordpress.org,Female,199.46.15.227
522,Luz,O'Quin,loquineh@google.nl,Female,166.68.96.128
523,Randa,Nind,rnindei@vkontakte.ru,Female,203.121.246.198
524,Lyndell,Oddboy,loddboyej@webeden.co.uk,Female,146.36.124.117
525,Stacee,Shelf,sshelfek@delicious.com,Female,14.193.205.117
526,Lilllie,Woolaston,lwoolastonel@time.com,Female,89.137.136.94
527,Jeane,Konzelmann,jkonzelmannem@github.com,Female,8.166.61.108
528,Arch,Fogg,afoggen@addthis.com,Male,164.118.100.131
529,Sheilah,Mewburn,smewburneo@devhub.com,Female,81.210.140.231
530,Urbain,Gorcke,ugorckeep@cloudflare.com,Male,146.116.158.209
531,Huey,Tumioto,htumiotoeq@usatoday.com,Male,73.26.114.225
532,Bendick,Jencken,bjenckener@netvibes.com,Male,133.230.226.84
533,Vikky,Blackaby,vblackabyes@com.com,Female,121.182.97.64
534,Lorianne,Dadley,ldadleyet@sciencedirect.com,Female,120.251.186.84
535,Christoffer,Fortey,cforteyeu@unicef.org,Male,17.231.34.25
536,Andreas,Ghilks,aghilksev@aboutads.info,Male,81.160.41.21
537,Jana,Bourdice,jbourdiceew@comsenz.com,Female,237.196.59.151
538,Nolana,Letford,nletfordex@weebly.com,Female,233.138.24.117
539,Meade,Mindenhall,mmindenhalley@flavors.me,Male,0.109.155.177
540,Melesa,Smelley,msmelleyez@wired.com,Female,33.21.237.187
541,Leonerd,Double,ldoublef0@arstechnica.com,Male,210.222.192.1
542,Ruttger,Cheshire,rcheshiref1@goodreads.com,Male,83.149.238.25
543,Melodee,Walkowski,mwalkowskif2@bandcamp.com,Female,73.23.80.185
544,Sharline,Haywood,shaywoodf3@furl.net,Female,94.192.141.251
545,Gasparo,Pirie,gpirief4@gizmodo.com,Male,206.139.120.4
546,Bartolomeo,Whaley,bwhaleyf5@homestead.com,Male,195.169.250.179
547,Colby,de Merida,cdemeridaf6@barnesandnoble.com,Male,186.112.180.248
548,Lucita,Eastup,leastupf7@mit.edu,Female,74.124.109.140
549,Diana,Prise,dprisef8@hibu.com,Female,87.137.163.55
550,Loydie,Boud,lboudf9@army.mil,Male,153.21.12.191
551,Teodora,Shakspeare,tshakspearefa@exblog.jp,Female,118.234.101.230
552,Nikolas,Castelow,ncastelowfb@samsung.com,Male,9.14.119.66
553,Helenka,Mollon,hmollonfc@nydailynews.com,Female,43.155.61.173
554,Petronilla,Box,pboxfd@psu.edu,Female,99.54.29.108
555,Boothe,Arch,barchfe@cocolog-nifty.com,Male,72.207.48.95
556,Whittaker,Gratland,wgratlandff@mayoclinic.com,Male,7.21.152.211
557,Samuele,Donohue,sdonohuefg@t.co,Male,124.250.156.31
558,Debby,Wannell,dwannellfh@epa.gov,Female,36.253.239.81
559,Claiborne,Drought,cdroughtfi@is.gd,Male,249.218.58.61
560,Franni,Von Hindenburg,fvonhindenburgfj@statcounter.com,Female,115.100.106.98
561,Inna,Mansell,imansellfk@hhs.gov,Female,214.162.210.212
562,Burr,Hutson,bhutsonfl@hatena.ne.jp,Male,141.110.111.192
563,Rosette,Tattershall,rtattershallfm@phoca.cz,Female,149.27.215.22
564,Babbie,Febvre,bfebvrefn@ox.ac.uk,Female,220.238.15.40
565,Edie,Simms,esimmsfo@digg.com,Female,208.23.106.0
566,Licha,Duffell,lduffellfp@forbes.com,Female,122.115.192.114
567,Georgetta,Scarfe,gscarfefq@facebook.com,Female,126.167.65.149
568,Magdaia,Matushenko,mmatushenkofr@fotki.com,Female,36.37.96.199
569,Dorice,Dolden,ddoldenfs@walmart.com,Female,65.153.175.62
570,Nomi,Dodge,ndodgeft@abc.net.au,Female,186.165.73.56
571,Papageno,Coppens,pcoppensfu@etsy.com,Male,67.39.246.98
572,Rorke,Meritt,rmerittfv@yellowpages.com,Male,112.105.209.8
573,Hortense,Ridel,hridelfw@java.com,Female,186.145.198.232
574,Trula,Bunny,tbunnyfx@who.int,Female,223.8.143.74
575,Tadd,Lukianovich,tlukianovichfy@sitemeter.com,Male,66.43.249.203
576,Winnie,Feltham,wfelthamfz@blogtalkradio.com,Male,53.22.87.187
577,Shirl,Maxfield,smaxfieldg0@sitemeter.com,Female,255.36.216.160
578,Vincents,Mauchlen,vmauchleng1@wsj.com,Male,27.4.181.225
579,Mic,Krinks,mkrinksg2@irs.gov,Male,167.197.253.180
580,Garner,Flintoft,gflintoftg3@wisc.edu,Male,242.85.195.2
581,Uri,Reames,ureamesg4@rediff.com,Male,222.29.6.202
582,Gunar,Sweynson,gsweynsong5@quantcast.com,Male,84.53.32.69
583,Mary,Tallon,mtallong6@cornell.edu,Female,169.252.230.86
584,Lanny,Byrcher,lbyrcherg7@github.io,Female,189.159.33.40
585,Norby,Biddleston,nbiddlestong8@ted.com,Male,55.120.58.227
586,Donaugh,Lushey,dlusheyg9@cpanel.net,Male,126.237.130.233
587,Mikey,Parker,mparkerga@theatlantic.com,Male,233.100.207.94
588,Alisun,de Zamora,adezamoragb@gravatar.com,Female,112.185.178.141
589,Artur,Gierok,agierokgc@friendfeed.com,Male,86.140.154.61
590,Helen,Maunton,hmauntongd@tripod.com,Female,14.230.77.84
591,Lucie,Nunes Nabarro,lnunesnabarroge@dropbox.com,Female,61.158.121.171
592,Brose,Coupar,bcoupargf@oakley.com,Male,214.109.76.120
593,Erin,Nelle,enellegg@amazonaws.com,Male,53.218.167.51
594,Olin,Patron,opatrongh@macromedia.com,Male,255.63.252.90
595,Marie,Bellefonte,mbellefontegi@eepurl.com,Female,76.202.102.67
596,Aeriell,Beames,abeamesgj@blog.com,Female,23.55.57.139
597,Cece,Aitchison,caitchisongk@pbs.org,Male,236.71.160.21
598,Porter,Lownie,plowniegl@ted.com,Male,229.135.242.128
599,Mikol,Fehner,mfehnergm@webs.com,Male,199.75.4.29
600,Bryon,Barnwell,bbarnwellgn@google.es,Male,84.12.102.32
601,Ives,Drought,idroughtgo@washington.edu,Male,73.144.61.189
602,Mariya,Carryer,mcarryergp@imdb.com,Female,94.112.239.69
603,Orson,Dalgleish,odalgleishgq@gravatar.com,Male,27.98.145.241
604,Elfreda,Kalf,ekalfgr@cbslocal.com,Female,113.205.70.43
605,Deanne,Bonett,dbonettgs@upenn.edu,Female,58.13.121.4
606,Loni,Bottelstone,lbottelstonegt@walmart.com,Female,218.128.3.71
607,Rudolfo,Parsonage,rparsonagegu@unesco.org,Male,122.187.42.79
608,Joanna,Ruilton,jruiltongv@creativecommons.org,Female,187.186.70.226
609,Skylar,Riccioppo,sriccioppogw@berkeley.edu,Male,34.82.104.146
610,Candide,Colbert,ccolbertgx@irs.gov,Female,114.16.130.173
611,Joya,Drayton,jdraytongy@chron.com,Female,139.115.88.33
612,Sayre,MacArdle,smacardlegz@mayoclinic.com,Male,11.248.12.19
613,Aigneis,Baelde,abaeldeh0@4shared.com,Female,113.108.237.47
614,Christoforo,Jury,cjuryh1@amazon.co.uk,Male,220.64.40.211
615,Honey,Tarrier,htarrierh2@alexa.com,Female,245.109.255.51
616,Tammy,Firmage,tfirmageh3@nba.com,Male,124.19.95.43
617,Angelique,Finicj,afinicjh4@ed.gov,Female,144.218.138.150
618,Ashley,Marages,amaragesh5@yahoo.com,Male,36.96.7.136
619,Cully,Fraine,cfraineh6@geocities.jp,Male,253.131.241.102
620,Paule,Dilliston,pdillistonh7@ow.ly,Female,249.107.146.207
621,Mayor,Katzmann,mkatzmannh8@geocities.com,Male,132.4.216.59
622,Andrey,Soper,asoperh9@skype.com,Male,85.253.104.71
623,Madelina,Firebrace,mfirebraceha@go.com,Female,226.50.176.216
624,Hendrik,Quarlis,hquarlishb@123-reg.co.uk,Male,181.114.59.119
625,Ingaberg,Berns,ibernshc@techcrunch.com,Female,111.16.157.208
626,Garek,Delort,gdelorthd@toplist.cz,Male,19.75.164.3
627,Olivier,Yurmanovev,oyurmanovevhe@cisco.com,Male,237.51.190.94
628,Anna-diane,Slobom,aslobomhf@godaddy.com,Female,161.209.99.100
629,Ashton,Forestel,aforestelhg@nymag.com,Male,25.4.253.204
630,Elinor,Eccleshall,eeccleshallhh@issuu.com,Female,131.10.15.54
631,Janenna,Haylands,jhaylandshi@so-net.ne.jp,Female,196.38.104.112
632,Sayre,Slowley,sslowleyhj@tripod.com,Male,168.197.13.141
633,Vladamir,Duchan,vduchanhk@cornell.edu,Male,41.228.82.204
634,Stacey,Donohoe,sdonohoehl@msn.com,Female,7.147.17.83
635,Ingaborg,Seiter,iseiterhm@ftc.gov,Female,188.246.66.243
636,Hedy,Gotcliff,hgotcliffhn@yale.edu,Female,84.161.11.20
637,Perry,Haliburton,phaliburtonho@mysql.com,Female,161.126.108.241
638,Marinna,Suermeier,msuermeierhp@zimbio.com,Female,32.76.187.215
639,Wynny,Assender,wassenderhq@csmonitor.com,Female,147.102.3.160
640,Claude,Lorenzetti,clorenzettihr@mayoclinic.com,Female,3.250.125.233
641,Onofredo,Luker,olukerhs@marriott.com,Male,66.75.61.93
642,Korney,Kinson,kkinsonht@wikispaces.com,Female,215.143.83.210
643,Kimbell,Labusch,klabuschhu@jiathis.com,Male,121.52.213.46
644,Brendan,Olphert,bolpherthv@vimeo.com,Male,91.229.147.254
645,Jean,Wildes,jwildeshw@scribd.com,Female,210.40.254.202
646,Tobiah,Gould,tgouldhx@wp.com,Male,159.48.120.33
647,Melosa,Raynham,mraynhamhy@chron.com,Female,98.197.70.191
648,Rutledge,Rowling,rrowlinghz@edublogs.org,Male,115.152.126.184
649,Hannis,Hubber,hhubberi0@whitehouse.gov,Female,224.105.140.205
650,Korie,Thurstance,kthurstancei1@multiply.com,Female,175.46.196.148
651,Noby,Anand,nanandi2@fc2.com,Male,228.213.149.220
652,Thomas,Galia,tgaliai3@cam.ac.uk,Male,61.162.219.168
653,Francis,Stoodale,fstoodalei4@nymag.com,Male,199.80.95.226
654,Genny,Saul,gsauli5@patch.com,Female,249.52.117.25
655,Rowena,Beautyman,rbeautymani6@pagesperso-orange.fr,Female,216.56.217.158
656,Regan,Kiebes,rkiebesi7@linkedin.com,Female,79.164.57.213
657,Siobhan,Ginnally,sginnallyi8@dion.ne.jp,Female,158.25.219.231
658,Carmelita,Atchly,catchlyi9@cmu.edu,Female,254.238.171.61
659,Alfredo,Hagard,ahagardia@nyu.edu,Male,126.0.62.107
660,Lorna,Valance,lvalanceib@free.fr,Female,126.234.21.37
661,Candida,Bolding,cboldingic@smh.com.au,Female,217.70.194.11
662,Gustavus,Espinas,gespinasid@phpbb.com,Male,71.162.202.216
663,Kaila,Tripp,ktrippie@bing.com,Female,185.78.179.171
664,Eve,Guilloux,eguillouxif@ucla.edu,Female,20.206.27.166
665,Dinah,McLane,dmclaneig@4shared.com,Female,29.167.244.119
666,Lois,Rimington,lrimingtonih@netscape.com,Female,145.205.127.129
667,Mathew,Dallas,mdallasii@wikimedia.org,Male,126.220.167.189
668,Blondy,Stancer,bstancerij@histats.com,Female,139.121.67.95
669,Cherish,Gammet,cgammetik@japanpost.jp,Female,110.93.254.229
670,Lorri,Shurlock,lshurlockil@ebay.com,Female,183.149.229.85
671,Callean,Stillgoe,cstillgoeim@reddit.com,Male,206.51.29.245
672,Dita,Twell,dtwellin@w3.org,Female,109.76.48.203
673,Zach,MacTurlough,zmacturloughio@yellowpages.com,Male,223.119.225.60
674,Shurwood,Frapwell,sfrapwellip@bbc.co.uk,Male,144.123.64.121
675,Olivie,Bruyett,obruyettiq@opera.com,Female,234.221.218.3
676,Killie,Kildea,kkildeair@aboutads.info,Male,193.17.43.219
677,Ashbey,Attwater,aattwateris@go.com,Male,73.18.122.238
678,Emory,Happel,ehappelit@behance.net,Male,129.173.97.199
679,Lilllie,Willerton,lwillertoniu@parallels.com,Female,114.204.0.84
680,Gearard,Colquit,gcolquitiv@cisco.com,Male,152.53.199.124
681,Andrea,Mawhinney,amawhinneyiw@vkontakte.ru,Male,60.185.221.228
682,Cirilo,Roden,crodenix@tinyurl.com,Male,72.190.58.55
683,Paco,Billanie,pbillanieiy@constantcontact.com,Male,212.222.110.35
684,Nissie,Tames,ntamesiz@google.com.hk,Female,83.97.44.249
685,Ofelia,McKinnell,omckinnellj0@alexa.com,Female,241.12.230.206
686,Sheppard,Goshawke,sgoshawkej1@deliciousdays.com,Male,176.146.126.85
687,Dwight,Ciccarelli,dciccarellij2@craigslist.org,Male,254.14.186.239
688,Eileen,Dundon,edundonj3@fc2.com,Female,252.245.19.226
689,Wallie,Hallgate,whallgatej4@huffingtonpost.com,Female,47.232.73.177
690,Robbie,Grinsted,rgrinstedj5@independent.co.uk,Male,9.17.234.3
691,Dona,Toyne,dtoynej6@adobe.com,Female,170.91.172.143
692,Kelli,Oneill,koneillj7@ebay.com,Female,215.66.53.17
693,Leelah,Beynkn,lbeynknj8@homestead.com,Female,185.107.126.163
694,Addia,Boole,aboolej9@privacy.gov.au,Female,36.147.172.186
695,Hiram,McCay,hmccayja@wordpress.com,Male,75.224.234.114
696,Gwendolin,Thom,gthomjb@pinterest.com,Female,66.55.45.16
697,Rhys,Fydoe,rfydoejc@sakura.ne.jp,Male,226.38.146.57
698,Harriet,Walesa,hwalesajd@upenn.edu,Female,215.209.218.156
699,Alfredo,Dufton,aduftonje@hexun.com,Male,68.23.216.134
700,Rowena,Ervine,rervinejf@tinypic.com,Female,62.68.198.154
701,Tabbi,Yellowlea,tyellowleajg@webnode.com,Female,117.77.157.165
702,Devina,Ivie,diviejh@ebay.co.uk,Female,198.210.32.245
703,Ephrayim,McNair,emcnairji@mayoclinic.com,Male,105.225.153.83
704,Fara,Doni,fdonijj@networkadvertising.org,Female,0.170.43.192
705,Twyla,Clac,tclacjk@indiatimes.com,Female,89.1.212.212
706,Kippy,Lumsdaine,klumsdainejl@upenn.edu,Male,141.127.49.187
707,Pail,Baggett,pbaggettjm@livejournal.com,Male,4.69.93.98
708,Jere,Kobes,jkobesjn@youtube.com,Female,126.22.118.237
709,Ashley,Rubinowitz,arubinowitzjo@storify.com,Male,177.15.31.15
710,Zuzana,Gain,zgainjp@youku.com,Female,227.49.228.177
711,Issy,Boarder,iboarderjq@woothemes.com,Female,31.153.137.169
712,Janna,Redholls,jredhollsjr@wikia.com,Female,220.107.121.84
713,Estevan,Howselee,ehowseleejs@state.tx.us,Male,33.255.87.180
714,Maxi,Scriver,mscriverjt@reddit.com,Female,43.249.201.137
715,Mikol,Physic,mphysicju@disqus.com,Male,21.219.240.72
716,Shina,Surgison,ssurgisonjv@booking.com,Female,150.11.122.254
717,Paddy,Ianetti,pianettijw@hugedomains.com,Male,129.209.186.2
718,Tad,Simonini,tsimoninijx@about.com,Male,106.159.173.81
719,Beitris,Duckworth,bduckworthjy@hubpages.com,Female,164.110.31.57
720,Lynnelle,Richmond,lrichmondjz@slashdot.org,Female,216.5.79.94
721,Clemente,Zimmer,czimmerk0@geocities.jp,Male,118.33.136.167
722,Dara,Raft,draftk1@amazon.com,Female,149.192.189.245
723,Salaidh,Tippett,stippettk2@wisc.edu,Female,159.102.155.109
724,Taryn,Jeyness,tjeynessk3@google.pl,Female,201.191.14.245
725,Blakelee,Renbold,brenboldk4@addthis.com,Female,193.188.47.226
726,Boris,Damarell,bdamarellk5@quantcast.com,Male,176.191.7.91
727,Forster,Potte,fpottek6@photobucket.com,Male,88.229.89.138
728,Shoshanna,Cotelard,scotelardk7@nydailynews.com,Female,216.132.165.211
729,Sari,Esome,sesomek8@cnn.com,Female,201.229.102.25
730,Arline,Dixson,adixsonk9@paypal.com,Female,141.187.135.180
731,Aloin,Goodfellow,agoodfellowka@netscape.com,Male,112.50.199.107
732,Franzen,Devil,fdevilkb@indiegogo.com,Male,80.229.214.210
733,Wyatan,Puxley,wpuxleykc@istockphoto.com,Male,145.5.229.94
734,Nick,Bewlie,nbewliekd@cornell.edu,Male,55.35.70.166
735,Valida,Hutchison,vhutchisonke@networksolutions.com,Female,114.113.230.210
736,Wallie,Hoppner,whoppnerkf@reverbnation.com,Female,20.126.231.220
737,Nicolai,Letixier,nletixierkg@google.co.jp,Male,86.82.31.73
738,Augy,McIlory,amcilorykh@flavors.me,Male,160.70.41.122
739,Mozes,Vear,mvearki@ed.gov,Male,11.197.83.131
740,Torrence,Gristock,tgristockkj@163.com,Male,75.26.35.159
741,Verene,Wrotchford,vwrotchfordkk@delicious.com,Female,157.44.204.209
742,Gilligan,Gerbi,ggerbikl@ucsd.edu,Female,144.182.207.50
743,Simone,Brandon,sbrandonkm@statcounter.com,Male,129.227.47.200
744,Orin,Licquorish,olicquorishkn@ftc.gov,Male,29.181.121.29
745,Alf,Mackstead,amacksteadko@usda.gov,Male,51.119.161.254
746,Fulvia,Blakeway,fblakewaykp@creativecommons.org,Female,216.3.118.212
747,Rafi,Skepper,rskepperkq@hugedomains.com,Male,56.175.128.77
748,Ricky,Girardez,rgirardezkr@ovh.net,Male,42.65.137.115
749,Olivero,Ibotson,oibotsonks@yellowpages.com,Male,180.185.206.65
750,Mabel,Tole,mtolekt@tinypic.com,Female,57.176.94.117
751,Annemarie,Eivers,aeiversku@mediafire.com,Female,204.48.90.215
752,Humfrey,Owbrick,howbrickkv@furl.net,Male,32.162.8.65
753,Jeni,Schwanden,jschwandenkw@narod.ru,Female,49.42.132.185
754,Ross,Beagles,rbeagleskx@simplemachines.org,Male,163.110.19.223
755,Adair,Cubbinelli,acubbinelliky@parallels.com,Male,90.183.1.42
756,Ingram,O'Dogherty,iodoghertykz@economist.com,Male,36.41.96.80
757,Davidde,Rosle,droslel0@artisteer.com,Male,213.15.61.162
758,Peta,Sinncock,psinncockl1@ehow.com,Female,233.169.244.145
759,Jemmie,Mounsie,jmounsiel2@trellian.com,Female,233.237.104.69
760,Barri,Johansen,bjohansenl3@usda.gov,Male,182.115.163.134
761,Kat,Anyon,kanyonl4@dmoz.org,Female,163.116.49.138
762,Chester,Antonat,cantonatl5@tiny.cc,Male,155.238.8.172
763,Paton,Loads,ploadsl6@nps.gov,Male,113.72.32.123
764,Penny,Faveryear,pfaveryearl7@godaddy.com,Male,21.241.34.46
765,Sam,Ricarde,sricardel8@jiathis.com,Female,150.167.248.84
766,Bartholomeus,Fincham,bfinchaml9@google.de,Male,133.214.252.57
767,Wye,Pickworth,wpickworthla@zdnet.com,Male,20.112.248.250
768,Caryl,Lindblad,clindbladlb@tripod.com,Male,57.8.36.166
769,Kenneth,Jenner,kjennerlc@guardian.co.uk,Male,70.208.212.97
770,Teirtza,Hakeworth,thakeworthld@sohu.com,Female,16.58.181.87
771,Vincent,Kenyon,vkenyonle@stanford.edu,Male,254.39.111.38
772,Matti,Owthwaite,mowthwaitelf@g.co,Female,102.164.222.72
773,Delly,Kennler,dkennlerlg@blogspot.com,Female,17.72.73.80
774,Felita,Teall,ftealllh@phoca.cz,Female,110.221.66.96
775,Angelique,Braunes,abraunesli@topsy.com,Female,186.101.199.174
776,Huntington,Reskelly,hreskellylj@prlog.org,Male,121.192.129.216
777,Tricia,Atwill,tatwilllk@bizjournals.com,Female,103.113.152.50
778,Orsa,Carlesso,ocarlessoll@kickstarter.com,Female,203.56.62.54
779,Pauly,Streader,pstreaderlm@theguardian.com,Female,78.255.223.245
780,Aubine,Sturr,asturrln@simplemachines.org,Female,246.220.198.170
781,Nikolas,Edmeads,nedmeadslo@utexas.edu,Male,70.27.228.46
782,Ellen,Staner,estanerlp@g.co,Female,152.122.132.162
783,Roanna,Heyburn,rheyburnlq@rediff.com,Female,12.102.175.135
784,Rani,Kernley,rkernleylr@ow.ly,Female,175.140.235.8
785,Krysta,Walsh,kwalshls@delicious.com,Female,194.99.108.211
786,Homere,Lattos,hlattoslt@nbcnews.com,Male,114.74.94.64
787,Ogden,Chatel,ochatellu@digg.com,Male,180.40.194.245
788,Killian,Gobel,kgobellv@vkontakte.ru,Male,230.93.121.119
789,Carlen,Brassington,cbrassingtonlw@dell.com,Female,127.29.168.6
790,Papagena,Lakeland,plakelandlx@istockphoto.com,Female,58.211.240.161
791,Nappy,Dillow,ndillowly@time.com,Male,115.183.168.58
792,Marten,Weale,mwealelz@economist.com,Male,33.41.194.178
793,Elianore,Rannald,erannaldm0@ihg.com,Female,231.19.131.102
794,Dinah,Jori,djorim1@opera.com,Female,65.30.26.169
795,Gustave,Vallack,gvallackm2@cisco.com,Male,124.218.151.31
796,Zeke,Astupenas,zastupenasm3@posterous.com,Male,54.223.146.104
797,Al,Hardcastle,ahardcastlem4@ucla.edu,Male,144.11.215.79
798,Eugene,MacPharlain,emacpharlainm5@princeton.edu,Male,80.182.245.184
799,Danella,Rothwell,drothwellm6@umich.edu,Female,86.231.254.172
800,Malanie,Rowthorne,mrowthornem7@nbcnews.com,Female,170.189.247.186
801,Tull,Assandri,tassandrim8@sakura.ne.jp,Male,108.148.207.147
802,Briana,Oley,boleym9@tiny.cc,Female,5.27.21.244
803,Auberta,Norheny,anorhenyma@cam.ac.uk,Female,151.104.22.81
804,Ira,Aggs,iaggsmb@php.net,Male,184.206.163.33
805,Lucinda,Akroyd,lakroydmc@naver.com,Female,145.28.18.108
806,Guglielma,Balham,gbalhammd@mac.com,Female,185.127.49.39
807,Ulysses,Clausson,uclaussonme@macromedia.com,Male,145.133.61.5
808,Quintina,Blondel,qblondelmf@msu.edu,Female,233.38.186.211
809,Bibi,O'Tierney,botierneymg@un.org,Female,227.182.79.113
810,Elliot,Barg,ebargmh@printfriendly.com,Male,19.186.28.226
811,Ailey,Antushev,aantushevmi@ftc.gov,Female,42.7.206.31
812,Dirk,Gollop,dgollopmj@oaic.gov.au,Male,147.123.235.70
813,Philomena,Pullar,ppullarmk@google.fr,Female,39.155.218.224
814,Boone,Maffin,bmaffinml@hexun.com,Male,232.121.153.137
815,Gannon,Hendriks,ghendriksmm@g.co,Male,25.134.147.15
816,Garald,Gilfether,ggilfethermn@yolasite.com,Male,196.104.49.228
817,Sal,Chrestien,schrestienmo@dmoz.org,Male,2.160.113.73
818,Nari,Pinyon,npinyonmp@businesswire.com,Female,15.212.20.9
819,Eb,Simmgen,esimmgenmq@smh.com.au,Male,211.93.226.207
820,Merrili,Kensington,mkensingtonmr@google.fr,Female,107.39.51.191
821,Kailey,Bazeley,kbazeleyms@cdc.gov,Female,219.30.52.138
822,Cristiano,Anker,cankermt@mashable.com,Male,213.91.184.91
823,Rosamond,McCaighey,rmccaigheymu@geocities.jp,Female,202.4.175.151
824,Lemar,Rolinson,lrolinsonmv@reuters.com,Male,16.52.167.221
825,Nina,Posner,nposnermw@engadget.com,Female,15.179.125.248
826,Darrell,Markwelley,dmarkwelleymx@tmall.com,Male,121.83.148.26
827,Merola,Cargenven,mcargenvenmy@google.nl,Female,100.218.149.40
828,Hadley,Sibbson,hsibbsonmz@lycos.com,Male,237.113.199.189
829,Ynes,Maccrae,ymaccraen0@latimes.com,Female,169.201.96.132
830,Vale,Bendig,vbendign1@nba.com,Male,77.2.237.200
831,Nelie,Isitt,nisittn2@1688.com,Female,29.217.198.83
832,Alicia,Benzie,abenzien3@msn.com,Female,53.217.222.90
833,Desmund,Goodwill,dgoodwilln4@etsy.com,Male,90.105.1.202
834,Ogdon,Shurrock,oshurrockn5@360.cn,Male,77.186.147.34
835,Thurstan,Rustedge,trustedgen6@umn.edu,Male,190.206.199.92
836,Baillie,Ewenson,bewensonn7@unesco.org,Male,119.144.6.95
837,Clyde,Kitchen,ckitchenn8@amazonaws.com,Male,138.134.47.22
838,Maxwell,Gibbeson,mgibbesonn9@alibaba.com,Male,193.159.221.248
839,Trent,Spenley,tspenleyna@alibaba.com,Male,202.131.100.121
840,Juliette,Bushaway,jbushawaynb@fc2.com,Female,236.97.254.41
841,Cinnamon,Fairbeard,cfairbeardnc@examiner.com,Female,178.53.110.220
842,Jae,Rocks,jrocksnd@networksolutions.com,Male,59.236.117.218
843,Jerri,Bragg,jbraggne@disqus.com,Male,219.227.200.252
844,Maurene,Baleine,mbaleinenf@yolasite.com,Female,79.57.110.162
845,Alfonso,Tozer,atozerng@barnesandnoble.com,Male,9.135.246.122
846,Elroy,Facchini,efacchininh@businesswire.com,Male,11.145.99.86
847,Wash,Maccraw,wmaccrawni@unblog.fr,Male,17.196.190.31
848,Conrad,Seamer,cseamernj@bravesites.com,Male,128.21.102.122
849,Giselbert,Blaylock,gblaylocknk@squarespace.com,Male,72.183.1.2
850,Crosby,Paylor,cpaylornl@nsw.gov.au,Male,236.249.126.185
851,Ad,Kelleway,akellewaynm@princeton.edu,Male,155.164.64.131
852,Irena,Sallowaye,isallowayenn@jalbum.net,Female,36.208.149.26
853,Melonie,Marcussen,mmarcussenno@51.la,Female,104.116.138.49
854,Bridget,Norledge,bnorledgenp@e-recht24.de,Female,198.84.113.191
855,Bria,Guillond,bguillondnq@e-recht24.de,Female,180.230.155.98
856,Donnie,Lambrechts,dlambrechtsnr@elegantthemes.com,Female,10.63.159.163
857,Chrysa,Binion,cbinionns@ning.com,Female,131.103.69.109
858,Bathsheba,Tedridge,btedridgent@pbs.org,Female,209.104.241.179
859,Lennard,McKenney,lmckenneynu@wsj.com,Male,113.20.85.35
860,Diana,Checchi,dchecchinv@is.gd,Female,112.11.242.202
861,Nestor,Searson,nsearsonnw@wisc.edu,Male,81.60.29.35
862,Penny,Lidgett,plidgettnx@cisco.com,Female,207.71.122.106
863,Rakel,Balint,rbalintny@reddit.com,Female,141.68.129.32
864,Julissa,McLanaghan,jmclanaghannz@addtoany.com,Female,196.77.212.177
865,Cletus,Mc Carroll,cmccarrollo0@irs.gov,Male,52.57.34.188
866,Yorker,Mepsted,ymepstedo1@myspace.com,Male,47.9.211.190
867,Allix,Marrion,amarriono2@cyberchimps.com,Female,29.213.164.176
868,Glenn,Dayley,gdayleyo3@forbes.com,Female,175.170.65.71
869,Field,Cogan,fcogano4@phoca.cz,Male,143.49.151.12
870,Vale,Mugford,vmugfordo5@slate.com,Female,53.228.252.46
871,Beatriz,Glowach,bglowacho6@google.co.uk,Female,54.18.181.31
872,Torie,Apark,taparko7@wix.com,Female,42.122.199.19
873,Tybi,Vanner,tvannero8@slideshare.net,Female,254.178.137.134
874,Venus,Camel,vcamelo9@comsenz.com,Female,5.66.243.194
875,Niki,Girt,ngirtoa@aol.com,Male,17.130.47.117
876,Biron,Radin,bradinob@aboutads.info,Male,22.110.125.119
877,David,Connew,dconnewoc@slate.com,Male,141.195.69.28
878,Horace,Maddison,hmaddisonod@123-reg.co.uk,Male,112.175.194.148
879,Querida,Rossander,qrossanderoe@umich.edu,Female,144.183.229.34
880,Boyd,Paulon,bpaulonof@hc360.com,Male,75.128.103.210
881,Stirling,Finder,sfinderog@alibaba.com,Male,176.211.65.10
882,Boot,Doldon,bdoldonoh@earthlink.net,Male,118.247.32.24
883,Zelma,Scargle,zscargleoi@unblog.fr,Female,151.255.119.209
884,Edi,Clayson,eclaysonoj@devhub.com,Female,124.42.101.64
885,Andree,Langrish,alangrishok@163.com,Female,23.85.108.157
886,Phedra,Peert,ppeertol@hugedomains.com,Female,94.175.203.14
887,Kyle,Emmett,kemmettom@columbia.edu,Male,72.1.255.151
888,Carlina,Cella,ccellaon@blinklist.com,Female,155.146.121.112
889,Casi,Celler,ccelleroo@photobucket.com,Female,242.234.159.191
890,Zackariah,Cullivan,zcullivanop@163.com,Male,6.247.143.201
891,Doralin,Whittlesee,dwhittleseeoq@home.pl,Female,70.197.239.181
892,Dorri,Bleasdille,dbleasdilleor@nps.gov,Female,247.63.114.156
893,Mano,Wharlton,mwharltonos@washingtonpost.com,Male,31.144.124.17
894,Ruby,Crookes,rcrookesot@addthis.com,Male,103.44.169.108
895,Somerset,Saffle,ssaffleou@disqus.com,Male,152.61.74.153
896,Joy,Braddon,jbraddonov@weather.com,Female,144.65.158.222
897,Catherina,Deam,cdeamow@unc.edu,Female,23.0.128.225
898,Amos,Imlacke,aimlackeox@reuters.com,Male,93.122.248.109
899,Almeta,Maffin,amaffinoy@dagondesign.com,Female,254.70.60.171
900,Ozzie,Dulake,odulakeoz@oaic.gov.au,Male,38.61.8.107
901,Hammad,Tebbet,htebbetp0@booking.com,Male,61.56.232.27
902,Stillmann,Treffrey,streffreyp1@godaddy.com,Male,146.167.75.125
903,Sherman,Folker,sfolkerp2@illinois.edu,Male,155.132.74.131
904,Staci,Halmkin,shalmkinp3@dagondesign.com,Female,4.110.24.53
905,Alyda,Galiero,agalierop4@ebay.co.uk,Female,48.118.253.81
906,Madelin,Dugald,mdugaldp5@senate.gov,Female,250.124.91.106
907,Reggie,Godby,rgodbyp6@hubpages.com,Female,22.5.202.248
908,Odetta,Philippson,ophilippsonp7@addtoany.com,Female,70.168.216.19
909,Vladimir,Rymmer,vrymmerp8@china.com.cn,Male,226.46.111.118
910,Trixy,Yeabsley,tyeabsleyp9@skype.com,Female,242.92.63.46
911,Kandy,Humby,khumbypa@imgur.com,Female,223.186.190.222
912,Albina,Gossington,agossingtonpb@deliciousdays.com,Female,201.49.117.144
913,Shelbi,Bratcher,sbratcherpc@msu.edu,Female,180.115.50.98
914,Thaddeus,Trim,ttrimpd@discuz.net,Male,76.134.140.11
915,Dulcea,Tejero,dtejerope@berkeley.edu,Female,127.43.60.83
916,Michael,Crisford,mcrisfordpf@sakura.ne.jp,Male,44.229.22.203
917,Renate,Kilbey,rkilbeypg@patch.com,Female,110.42.246.97
918,Madison,Scholtz,mscholtzph@weebly.com,Male,56.20.180.110
919,Malinde,Imlach,mimlachpi@google.co.uk,Female,220.118.41.248
920,Bertram,Elwel,belwelpj@ucla.edu,Male,23.244.131.4
921,Nikolai,Stritton,nstrittonpk@sogou.com,Male,30.30.4.13
922,Barri,Riggoll,briggollpl@google.com.br,Male,185.167.98.138
923,Baudoin,Litchmore,blitchmorepm@webmd.com,Male,74.46.216.64
924,Willard,Neillans,wneillanspn@edublogs.org,Male,185.5.26.137
925,Nevil,Picard,npicardpo@dailymotion.com,Male,249.155.75.58
926,Lianne,Tremollet,ltremolletpp@microsoft.com,Female,219.218.228.233
927,Fairlie,Roslen,froslenpq@gizmodo.com,Male,177.19.9.170
928,Isa,Mackelworth,imackelworthpr@cpanel.net,Male,247.85.158.175
929,Benjamin,Selly,bsellyps@sphinn.com,Male,183.74.144.54
930,Julina,McGiffin,jmcgiffinpt@usnews.com,Female,10.233.184.134
931,Freeland,Figliovanni,ffigliovannipu@google.pl,Male,159.129.65.90
932,Martica,Bramont,mbramontpv@mayoclinic.com,Female,147.25.80.205
933,Smith,Farley,sfarleypw@technorati.com,Male,55.70.131.77
934,Lolly,Bilt,lbiltpx@twitter.com,Female,153.70.31.49
935,Jayson,Fountaine,jfountainepy@people.com.cn,Male,214.209.146.43
936,Bear,Dat,bdatpz@pcworld.com,Male,139.170.228.49
937,Elton,Howes,ehowesq0@chronoengine.com,Male,107.213.192.60
938,Roth,Grimsdith,rgrimsdithq1@ustream.tv,Male,222.37.85.38
939,Valry,Daville,vdavilleq2@technorati.com,Female,51.132.147.19
940,Phyllis,Whaley,pwhaleyq3@cafepress.com,Female,189.12.183.253
941,Herby,Mulqueen,hmulqueenq4@globo.com,Male,172.121.105.93
942,Nadine,Trimme,ntrimmeq5@amazon.co.uk,Female,166.220.230.58
943,Grissel,Stowgill,gstowgillq6@marriott.com,Female,159.171.68.116
944,Dov,Parchment,dparchmentq7@washington.edu,Male,223.179.218.100
945,Hobart,Dawkes,hdawkesq8@va.gov,Male,35.147.22.165
946,Georgia,Barbour,gbarbourq9@paginegialle.it,Female,102.123.153.248
947,Tova,Pritchitt,tpritchittqa@netlog.com,Female,247.128.133.235
948,Mignonne,Teresa,mteresaqb@biblegateway.com,Female,50.194.123.212
949,Josias,Bernholt,jbernholtqc@unc.edu,Male,87.60.41.114
950,Hamel,Crohan,hcrohanqd@theguardian.com,Male,180.140.94.4
951,Margarette,Jex,mjexqe@blogspot.com,Female,113.152.9.247
952,Karry,Moylane,kmoylaneqf@furl.net,Female,240.235.179.168
953,Melloney,Upston,mupstonqg@addtoany.com,Female,155.42.8.106
954,Wilhelm,Splevins,wsplevinsqh@jimdo.com,Male,29.151.20.83
955,Annabelle,Murdy,amurdyqi@nba.com,Female,206.128.18.174
956,Elset,Corry,ecorryqj@wunderground.com,Female,146.0.44.244
957,Pat,Cobley,pcobleyqk@seattletimes.com,Male,56.114.186.72
958,Stormy,Osgerby,sosgerbyql@ucoz.com,Female,213.85.211.162
959,Hallsy,Zelake,hzelakeqm@samsung.com,Male,126.207.89.30
960,Horst,Yule,hyuleqn@odnoklassniki.ru,Male,98.228.48.22
961,Lynde,Beebe,lbeebeqo@google.fr,Female,233.88.233.182
962,Stafford,Vellden,svelldenqp@discovery.com,Male,10.244.209.74
963,Sampson,Copner,scopnerqq@state.tx.us,Male,110.139.104.194
964,Mikol,Daile,mdaileqr@illinois.edu,Male,29.186.47.79
965,Pascal,Prati,ppratiqs@flickr.com,Male,144.253.41.223
966,Jacob,Vaudre,jvaudreqt@cargocollective.com,Male,24.68.143.240
967,Egon,Jotcham,ejotchamqu@utexas.edu,Male,243.223.33.6
968,Sylvan,Yansons,syansonsqv@blogs.com,Male,117.191.231.174
969,Willetta,Northill,wnorthillqw@bloomberg.com,Female,109.109.168.70
970,Ingrim,Ever,ieverqx@elpais.com,Male,207.4.38.95
971,Cleopatra,Hetterich,chetterichqy@diigo.com,Female,48.102.113.65
972,Ashley,Gathercoal,agathercoalqz@w3.org,Female,88.139.239.56
973,Vasily,Matthaus,vmatthausr0@skyrock.com,Male,96.4.52.234
974,Myles,Belchamp,mbelchampr1@sciencedirect.com,Male,206.143.23.144
975,Catina,Penright,cpenrightr2@artisteer.com,Female,45.41.63.215
976,Penn,Coneybeer,pconeybeerr3@home.pl,Male,55.8.205.110
977,Dame,Valett,dvalettr4@cisco.com,Male,175.78.146.135
978,Marillin,Aspinell,maspinellr5@paginegialle.it,Female,154.3.134.104
979,Tiffi,Trevenu,ttrevenur6@shinystat.com,Female,194.136.244.11
980,Penn,Chilley,pchilleyr7@kickstarter.com,Male,103.93.143.119
981,Barbara-anne,Juarez,bjuarezr8@goo.ne.jp,Female,20.98.204.214
982,Elbert,MacGrath,emacgrathr9@free.fr,Male,137.38.45.31
983,Leupold,Archbutt,larchbuttra@latimes.com,Male,189.16.126.199
984,Cordy,Overell,coverellrb@phoca.cz,Male,119.231.166.232
985,Gardener,Knoton,gknotonrc@domainmarket.com,Male,154.53.212.60
986,Gonzalo,Burcher,gburcherrd@goodreads.com,Male,139.83.106.44
987,Rorke,Teers,rteersre@jigsy.com,Male,49.22.131.227
988,Garold,Keeney,gkeeneyrf@oaic.gov.au,Male,102.151.48.24
989,Chanda,Woodwind,cwoodwindrg@behance.net,Female,112.61.93.188
990,Margery,Stamper,mstamperrh@wisc.edu,Female,155.138.60.155
991,Katine,Storah,kstorahri@photobucket.com,Female,211.138.191.150
992,Fredra,Cleynaert,fcleynaertrj@ted.com,Female,89.28.129.160
993,Ricky,Cripin,rcripinrk@mac.com,Female,224.253.164.8
994,Windy,Bengle,wbenglerl@fc2.com,Female,196.73.151.44
995,Halsy,Pither,hpitherrm@github.io,Male,96.172.17.151
996,Tarrance,Mays,tmaysrn@tamu.edu,Male,74.113.10.95
997,Reggie,Reynault,rreynaultro@wix.com,Male,183.130.37.209
998,Estrellita,Hugli,ehuglirp@bing.com,Female,196.243.212.199
999,Sidney,Birchenough,sbirchenoughrq@merriam-webster.com,Male,30.50.101.37