id,first_name,last_name,email,gender,ip_address
1,Dennet,Longcaster,dlongcaster0@amazon.co.jp,Male,124.246.192.133
2,Wilmar,Birkbeck,wbirkbeck1@salon.com,Male,236.29.65.23
3,Wini,Hodges,whodges2@usnews.com,Female,219.86.211.224
4,Chelsy,Burdfield,cburdfield3@sfgate.com,Female,21.15.219.127
5,Willabella,Yanson,wyanson4@hud.gov,Female,30.148.237.170
6,Marya,Macvey,mmacvey5@godaddy.com,Female,160.239.125.114
7,Morlee,Olech,molech6@oaic.gov.au,Male,252.174.75.227
8,Tonia,Fryer,tfryer7@google.ca,Female,188.193.10.92
9,Bale,Mickan,bmickan8@php.net,Male,227.69.199.233
10,Lianne,Curnok,lcurnok9@disqus.com,Female,106.78.15.20
11,Artemus,Bispo,abispoa@youtu.be,Male,171.74.69.221
12,Marcie,Turnor,mturnorb@deliciousdays.com,Female,80.114.19.107
13,Mirabella,Clive,mclivec@upenn.edu,Female,187.254.53.119
14,Myranda,Wannes,mwannesd@sciencedirect.com,Female,20.212.60.223
15,Susi,Ipgrave,sipgravee@auda.org.au,Female,75.246.164.153
16,Sylas,Ferencowicz,sferencowiczf@yellowbook.com,Male,134.254.72.92
17,Gipsy,Evans,gevansg@nature.com,Female,202.64.68.21
18,Myriam,Springall,mspringallh@infoseek.co.jp,Female,182.186.89.140
19,Misha,Bowstead,mbowsteadi@nature.com,Female,94.141.100.143
20,Cristine,Honnicott,chonnicottj@mtv.com,Female,145.207.115.186
21,Fabe,Challace,fchallacek@xrea.com,Male,102.113.79.124
22,Edik,Fulks,efulksl@google.com,Male,124.197.91.131
23,Luca,Tewelson,ltewelsonm@artisteer.com,Male,92.159.146.167
24,Cacilie,Binding,cbindingn@upenn.edu,Female,131.141.55.233
25,Floyd,Jodlowski,fjodlowskio@so-net.ne.jp,Male,15.109.173.116
26,Dacy,Shieber,dshieberp@biblegateway.com,Female,200.238.50.43
27,Zoe,Giacomoni,zgiacomoniq@dell.com,Female,244.99.180.250
28,Lonny,Rainy,lrainyr@mashable.com,Male,48.98.146.16
29,Lissie,Reville,lrevilles@cbslocal.com,Female,57.54.15.106
30,Ash,Bellenger,abellengert@amazonaws.com,Male,5.61.202.232
31,Ruddy,Philcott,rphilcottu@vimeo.com,Male,225.5.211.112
32,Renae,Feehily,rfeehilyv@google.it,Female,9.177.114.166
33,Pamelina,Lehrmann,plehrmannw@paginegialle.it,Female,65.107.214.117
34,Merle,Comiam,mcomiamx@de.vu,Female,224.141.124.173
35,Dasha,Wittering,dwitteringy@opensource.org,Female,39.94.100.164
36,Kiri,Gollard,kgollardz@1688.com,Female,177.155.102.59
37,Wallace,Bonny,wbonny10@amazon.co.jp,Male,100.231.79.51
38,Petey,Bockh,pbockh11@godaddy.com,Male,98.164.145.156
39,Trish,McNeilley,tmcneilley12@washingtonpost.com,Female,228.58.222.57
40,Rowan,Crinion,rcrinion13@cdbaby.com,Male,207.63.108.213
41,Steward,Heelis,sheelis14@blogspot.com,Male,147.65.41.167
42,Hillard,Claffey,hclaffey15@goodreads.com,Male,2.39.108.2
43,Benedetto,Van Saltsberg,bvansaltsberg16@wisc.edu,Male,247.44.232.106
44,Yankee,Cavet,ycavet17@bluehost.com,Male,118.153.27.38
45,Gabriele,Van Vuuren,gvanvuuren18@jalbum.net,Male,145.71.201.112
46,Rosamond,Rainon,rrainon19@cornell.edu,Female,53.111.251.231
47,Paolo,Marcos,pmarcos1a@opera.com,Male,254.134.136.77
48,Janeen,Davidofski,jdavidofski1b@chicagotribune.com,Female,123.203.191.50
49,Thain,Espie,tespie1c@behance.net,Male,126.176.43.188
50,Cookie,Bolle,cbolle1d@acquirethisname.com,Female,243.145.178.127
51,Filmer,Balderson,fbalderson1e@themeforest.net,Male,128.160.172.252
52,Pincas,Garza,pgarza1f@harvard.edu,Male,93.165.1.182
53,Jeanelle,Toy,jtoy1g@odnoklassniki.ru,Female,98.166.103.155
54,Orelia,Rump,orump1h@ucoz.com,Female,113.194.67.171
55,Gabriel,Roch,groch1i@cocolog-nifty.com,Male,185.27.45.237
56,Kelsy,Blackster,kblackster1j@deviantart.com,Female,141.146.192.59
57,Kyla,Gauntley,kgauntley1k@geocities.com,Female,146.45.66.241
58,Brad,Preble,bpreble1l@gravatar.com,Male,113.199.147.85
59,Kaleb,McElhinney,kmcelhinney1m@zdnet.com,Male,215.119.64.234
60,Hedwig,Greatreax,hgreatreax1n@marketwatch.com,Female,139.196.78.146
61,Osborn,Waldren,owaldren1o@time.com,Male,122.86.102.214
62,Alford,Attenburrow,aattenburrow1p@umich.edu,Male,154.176.190.18
63,Tyrone,Cripwell,tcripwell1q@bbc.co.uk,Male,117.12.209.126
64,Clemmie,Ranns,cranns1r@dot.gov,Male,61.142.18.203
65,Agnes,Offiler,aoffiler1s@flickr.com,Female,156.8.40.171
66,Mable,Sharrock,msharrock1t@etsy.com,Female,150.57.177.125
67,Nico,Haskett,nhaskett1u@examiner.com,Male,189.102.90.46
68,Marielle,Buckner,mbuckner1v@marriott.com,Female,18.127.65.142
69,Jammal,Tommei,jtommei1w@nba.com,Male,219.137.205.172
70,Tim,Emmanuel,temmanuel1x@lycos.com,Female,144.18.149.103
71,Tuck,Tabbernor,ttabbernor1y@cam.ac.uk,Male,241.36.9.34
72,Tucker,Billsberry,tbillsberry1z@utexas.edu,Male,99.61.176.23
73,Cynde,Prudham,cprudham20@eventbrite.com,Female,81.3.2.91
74,Wilmer,Ayrs,wayrs21@huffingtonpost.com,Male,221.11.174.40
75,Darby,Piecha,dpiecha22@a8.net,Female,107.190.117.84
76,Linell,Ollett,lollett23@a8.net,Female,0.200.252.127
77,Sayers,Lee,slee24@icio.us,Male,79.45.123.219
78,Sherri,Tryhorn,stryhorn25@cbsnews.com,Female,3.81.188.222
79,Dorian,Martineau,dmartineau26@netlog.com,Female,109.86.32.209
80,Stillmann,McMaster,smcmaster27@amazon.co.jp,Male,175.154.112.90
81,Drew,Stranks,dstranks28@gravatar.com,Male,128.128.246.109
82,Emmy,Veitch,eveitch29@theglobeandmail.com,Female,26.166.89.98
83,Gael,Large,glarge2a@cafepress.com,Male,137.118.144.173
84,Jeramey,Bairstow,jbairstow2b@yandex.ru,Male,180.95.215.245
85,Gauthier,Sicily,gsicily2c@friendfeed.com,Male,4.125.51.21
86,Hanni,Deroche,hderoche2d@privacy.gov.au,Female,218.235.36.148
87,Isa,Codi,icodi2e@gmpg.org,Female,181.113.216.252
88,Chevalier,Gard,cgard2f@thetimes.co.uk,Male,174.25.40.210
89,Ambrosi,Brute,abrute2g@macromedia.com,Male,24.183.44.243
90,Huey,Figgs,hfiggs2h@princeton.edu,Male,238.67.211.137
91,Abagael,Mobberley,amobberley2i@narod.ru,Female,140.61.155.195
92,Ardeen,Proschke,aproschke2j@deliciousdays.com,Female,251.201.71.96
93,Patrizius,Poutress,ppoutress2k@slashdot.org,Male,63.65.109.254
94,Filberte,Bendig,fbendig2l@google.co.jp,Male,103.206.10.123
95,Bianka,Murrison,bmurrison2m@bloglines.com,Female,128.167.12.176
96,Babbie,McGarva,bmcgarva2n@unicef.org,Female,101.51.169.168
97,Calvin,Hindmoor,chindmoor2o@globo.com,Male,173.182.129.190
98,Lew,McGorman,lmcgorman2p@cdbaby.com,Male,154.245.70.21
99,Ted,Cirlos,tcirlos2q@google.co.uk,Male,46.125.71.172
100,Melitta,Bortol,mbortol2r@redcross.org,Female,80.158.17.214
101,Nickolas,Gierek,ngierek2s@bandcamp.com,Male,57.38.20.195
102,Addy,Hugett,ahugett2t@hc360.com,Female,140.167.99.210
103,Lorne,Pymm,lpymm2u@noaa.gov,Male,241.245.26.103
104,Bobbie,Tomkinson,btomkinson2v@reference.com,Male,119.187.58.21
105,Frankie,Robotham,frobotham2w@list-manage.com,Male,145.46.97.42
106,Lucien,Artist,lartist2x@sbwire.com,Male,235.113.22.45
107,Marilyn,Goggin,mgoggin2y@chronoengine.com,Female,18.161.24.78
108,Ira,Aisbett,iaisbett2z@prlog.org,Male,41.88.62.43
109,Monroe,Eckh,meckh30@hubpages.com,Male,189.28.146.19
110,Isa,Ketchen,iketchen31@yolasite.com,Female,172.36.160.255
111,Frankie,Haycox,fhaycox32@usa.gov,Male,33.95.225.85
112,Emilia,Deam,edeam33@icio.us,Female,119.220.176.83
113,Evonne,Plaxton,eplaxton34@cocolog-nifty.com,Female,190.18.177.124
114,Kial,Blumson,kblumson35@home.pl,Female,124.55.57.164
115,Edie,Breakey,ebreakey36@hatena.ne.jp,Female,209.138.50.193
116,Malvina,Lowman,mlowman37@prnewswire.com,Female,147.107.126.131
117,Gaye,Chiddy,gchiddy38@soundcloud.com,Female,69.203.212.132
118,Daisi,Kenan,dkenan39@google.com.br,Female,123.221.68.233
119,Bordy,Parnham,bparnham3a@jalbum.net,Male,214.31.178.239
120,Leese,Tilby,ltilby3b@aboutads.info,Female,231.61.48.53
121,Esma,Morffew,emorffew3c@surveymonkey.com,Female,237.162.101.6
122,Benedicto,Sankey,bsankey3d@independent.co.uk,Male,119.239.166.245
123,Brander,Norville,bnorville3e@vk.com,Male,143.23.231.174
124,Daryn,Portwain,dportwain3f@tumblr.com,Female,52.218.118.106
125,Otto,Labbett,olabbett3g@wikipedia.org,Male,22.110.172.131
126,Seymour,Raven,sraven3h@de.vu,Male,255.179.128.109
127,Marleen,Salleir,msalleir3i@e-recht24.de,Female,55.18.8.22
128,Lynn,Caldaro,lcaldaro3j@com.com,Male,128.236.181.62
129,Elysia,Yitzhakof,eyitzhakof3k@alibaba.com,Female,213.126.148.68
130,Cherey,Catterell,ccatterell3l@rambler.ru,Female,29.209.106.88
131,Udell,Bough,ubough3m@bigcartel.com,Male,202.154.109.180
132,Shanna,Bradick,sbradick3n@tumblr.com,Female,108.217.251.238
133,Dukie,Blackshaw,dblackshaw3o@google.ca,Male,153.135.109.94
134,Tillie,Airs,tairs3p@columbia.edu,Female,33.166.218.15
135,Cahra,Thurber,cthurber3q@github.com,Female,187.83.58.126
136,Kyle,Sanday,ksanday3r@foxnews.com,Male,223.16.9.240
137,Teresa,Seagrove,tseagrove3s@desdev.cn,Female,12.120.50.187
138,Galen,Jinkin,gjinkin3t@photobucket.com,Male,208.83.227.66
139,Shalom,Lusher,slusher3u@time.com,Male,19.46.21.214
140,Yuma,Sime,ysime3v@icio.us,Male,61.152.180.78
141,Edin,Jorg,ejorg3w@hostgator.com,Female,137.171.240.244
142,Cariotta,Stobie,cstobie3x@ft.com,Female,117.206.152.78
143,Sinclair,Kindleside,skindleside3y@bbb.org,Male,92.131.18.46
144,Durante,Cokely,dcokely3z@digg.com,Male,74.150.200.188
145,Pincus,Scneider,pscneider40@guardian.co.uk,Male,35.52.121.78
146,Jilly,Gambrell,jgambrell41@github.io,Female,134.177.117.25
147,Newton,Flowerdew,nflowerdew42@skyrock.com,Male,196.50.238.175
148,Suzy,Dosedale,sdosedale43@prlog.org,Female,163.128.125.109
149,Mirabella,Sibley,msibley44@godaddy.com,Female,176.88.133.0
150,Ikey,Kirwan,ikirwan45@princeton.edu,Male,225.44.138.172
151,Yvor,Colborn,ycolborn46@tumblr.com,Male,30.186.6.6
152,Lydia,Lowton,llowton47@arstechnica.com,Female,144.99.183.118
153,Stanley,Gaudin,sgaudin48@ucsd.edu,Male,60.107.121.228
154,Bartie,Ellershaw,bellershaw49@engadget.com,Male,83.29.252.128
155,Indira,Watts,iwatts4a@addtoany.com,Female,158.190.99.253
156,Charlton,Ducroe,cducroe4b@wp.com,Male,46.191.135.49
157,Arnoldo,Franiak,afraniak4c@msn.com,Male,228.172.149.96
158,Annmaria,Medgwick,amedgwick4d@sina.com.cn,Female,138.44.19.10
159,Salomon,Bassam,sbassam4e@virginia.edu,Male,4.125.125.23
160,Jackelyn,Sandwith,jsandwith4f@ifeng.com,Female,215.2.129.170
161,Brittne,Nichols,bnichols4g@usgs.gov,Female,239.232.165.113
162,Hurley,Tanser,htanser4h@java.com,Male,13.116.230.69
163,Bonny,Pumfrey,bpumfrey4i@purevolume.com,Female,213.100.156.213
164,Frederich,Kither,fkither4j@wikipedia.org,Male,158.46.225.115
165,Hernando,Giovani,hgiovani4k@51.la,Male,219.253.193.244
166,Lebbie,Phelipeau,lphelipeau4l@princeton.edu,Female,211.114.73.60
167,Rosamund,Claydon,rclaydon4m@wunderground.com,Female,201.4.132.154
168,Carie,Dwelling,cdwelling4n@aboutads.info,Female,246.74.194.174
169,Mick,Quarterman,mquarterman4o@scribd.com,Male,215.252.141.109
170,Whitman,Charter,wcharter4p@nydailynews.com,Male,22.248.26.9
171,Jephthah,Ingrem,jingrem4q@miibeian.gov.cn,Male,226.125.224.148
172,Emlen,Perrinchief,eperrinchief4r@amazonaws.com,Male,142.229.120.51
173,Claudina,Lob,clob4s@census.gov,Female,166.188.44.129
174,Waneta,Gambrell,wgambrell4t@issuu.com,Female,9.14.201.121
175,Smitty,Thireau,sthireau4u@youku.com,Male,47.160.245.202
176,Rivi,Cutsforth,rcutsforth4v@liveinternet.ru,Female,247.210.101.156
177,Guillema,Crush,gcrush4w@dion.ne.jp,Female,25.215.105.236
178,Trueman,Whelband,twhelband4x@indiatimes.com,Male,150.44.163.229
179,Sukey,Follin,sfollin4y@hatena.ne.jp,Female,152.69.6.17
180,Alberto,Terrill,aterrill4z@un.org,Male,114.208.139.250
181,Eleonora,Franca,efranca50@marriott.com,Female,9.191.132.219
182,Kip,Stebbings,kstebbings51@wikipedia.org,Male,207.83.133.42
183,Cordy,Paumier,cpaumier52@ihg.com,Male,167.99.14.210
184,Moise,Maughan,mmaughan53@tinypic.com,Male,55.88.35.205
185,Jenna,Loddon,jloddon54@slate.com,Female,39.97.15.180
186,Aluino,Deelay,adeelay55@w3.org,Male,193.46.85.16
187,Bertram,Elgey,belgey56@google.cn,Male,124.92.230.134
188,Tabbi,Scaddon,tscaddon57@shop-pro.jp,Female,200.145.117.191
189,Bonnibelle,Yon,byon58@bloglovin.com,Female,73.49.157.5
190,Worthington,Noar,wnoar59@mac.com,Male,138.142.69.189
191,Coletta,Coughlin,ccoughlin5a@timesonline.co.uk,Female,191.247.203.90
192,Neron,Wolton,nwolton5b@hostgator.com,Male,207.125.133.135
193,Faustina,Cornillot,fcornillot5c@google.de,Female,135.230.112.37
194,Niels,Colebeck,ncolebeck5d@topsy.com,Male,166.74.233.129
195,Merwyn,Storkes,mstorkes5e@ning.com,Male,238.152.125.250
196,Delly,Fairney,dfairney5f@youtu.be,Female,105.61.17.48
197,Brianna,Hansie,bhansie5g@prweb.com,Female,242.49.0.13
198,Parker,Tidbold,ptidbold5h@stanford.edu,Male,144.36.224.105
199,Bevin,Orys,borys5i@360.cn,Male,146.250.18.245
200,Kennie,Killelay,kkillelay5j@fc2.com,Male,51.18.132.14
201,Helaine,Minelli,hminelli5k@census.gov,Female,158.217.161.246
202,Wald,Jardine,wjardine5l@a8.net,Male,246.155.136.211
203,Wildon,Beevor,wbeevor5m@github.io,Male,9.212.2.140
204,Fredia,Baudasso,fbaudasso5n@reference.com,Female,113.231.38.116
205,Cicily,Puleque,cpuleque5o@dion.ne.jp,Female,202.218.156.18
206,Catriona,Jemison,cjemison5p@yellowpages.com,Female,25.25.172.47
207,Shanna,Rustman,srustman5q@ifeng.com,Female,35.151.207.217
208,Chuck,Goold,cgoold5r@cisco.com,Male,124.223.144.28
209,Ogden,Gosenell,ogosenell5s@cafepress.com,Male,226.28.129.82
210,Spenser,Rushbury,srushbury5t@tuttocitta.it,Male,27.33.179.201
211,Austina,Rubenfeld,arubenfeld5u@whitehouse.gov,Female,96.13.152.17
212,Pauli,Keith,pkeith5v@artisteer.com,Female,144.213.19.245
213,Henrieta,Cavanaugh,hcavanaugh5w@tumblr.com,Female,12.44.126.230
214,Leona,Rogger,lrogger5x@qq.com,Female,144.57.25.244
215,Berni,Kenwright,bkenwright5y@youtube.com,Female,62.7.17.34
216,Eberhard,Ledgard,eledgard5z@addtoany.com,Male,23.70.193.117
217,Briggs,Behr,bbehr60@spotify.com,Male,231.138.226.122
218,Emelen,Decruse,edecruse61@wunderground.com,Male,236.146.185.48
219,Drusi,Hellcat,dhellcat62@mediafire.com,Female,157.68.33.51
220,Pansie,Mann,pmann63@tmall.com,Female,173.92.120.54
221,Greg,Yarrington,gyarrington64@shinystat.com,Male,73.121.94.207
222,Garik,Mawson,gmawson65@yahoo.com,Male,196.157.234.95
223,Mead,Allabarton,mallabarton66@tripadvisor.com,Female,39.37.143.20
224,Junina,Bigglestone,jbigglestone67@xing.com,Female,111.189.117.217
225,Ethelin,Bygott,ebygott68@skyrock.com,Female,201.195.242.56
226,Ricky,Filippone,rfilippone69@chicagotribune.com,Male,109.116.234.240
227,Rebekah,Haughan,rhaughan6a@shinystat.com,Female,73.67.197.242
228,Fern,Christmas,fchristmas6b@sciencedirect.com,Female,51.6.193.221
229,Schuyler,Bielefeld,sbielefeld6c@linkedin.com,Male,222.182.254.108
230,Abbi,Kilshaw,akilshaw6d@google.fr,Female,131.13.172.202
231,Florenza,Owthwaite,fowthwaite6e@wix.com,Female,62.3.194.248
232,Delora,Brafferton,dbrafferton6f@google.es,Female,28.40.85.207
233,Katrine,Attwood,kattwood6g@weather.com,Female,155.29.183.167
234,Leann,Labat,llabat6h@wikipedia.org,Female,24.69.105.148
235,Link,Poolman,lpoolman6i@ed.gov,Male,119.152.35.131
236,Charmain,Cornthwaite,ccornthwaite6j@mail.ru,Female,160.222.40.4
237,Jozef,Passfield,jpassfield6k@psu.edu,Male,81.64.255.36
238,Shauna,Woolforde,swoolforde6l@tmall.com,Female,92.183.103.174
239,Alasdair,Witty,awitty6m@storify.com,Male,80.29.234.202
240,Kiele,Snipe,ksnipe6n@cnn.com,Female,210.242.184.52
241,Keenan,Rodell,krodell6o@accuweather.com,Male,90.32.156.208
242,Dniren,Bellord,dbellord6p@mayoclinic.com,Female,128.219.139.56
243,Tatiania,Wilfinger,twilfinger6q@1688.com,Female,74.19.104.7
244,Kennie,Dobbie,kdobbie6r@vk.com,Male,58.236.173.160
245,Lyndell,Fears,lfears6s@phoca.cz,Female,164.17.16.66
246,Ham,Varden,hvarden6t@yandex.ru,Male,146.230.125.154
247,Arv,Glasser,aglasser6u@statcounter.com,Male,37.84.221.198
248,Kaitlin,Northcote,knorthcote6v@ox.ac.uk,Female,245.150.188.203
249,Karna,Ludee,kludee6w@oaic.gov.au,Female,83.66.8.89
250,Ilario,Starton,istarton6x@de.vu,Male,162.229.10.51
251,Caspar,Boyles,cboyles6y@pbs.org,Male,62.106.14.205
252,Yuri,Harlock,yharlock6z@uol.com.br,Male,159.26.174.216
253,Stephen,Scoggin,sscoggin70@cbsnews.com,Male,116.248.165.159
254,Godfry,Marham,gmarham71@zdnet.com,Male,128.9.79.40
255,Bernetta,Cottell,bcottell72@cam.ac.uk,Female,230.209.27.208
256,Zebadiah,Biggs,zbiggs73@alexa.com,Male,69.163.40.28
257,Filip,Aubert,faubert74@woothemes.com,Male,83.140.59.72
258,Charles,Schlag,cschlag75@sakura.ne.jp,Male,128.199.104.87
259,Ema,Sallans,esallans76@washington.edu,Female,73.173.100.54
260,Reuben,Trevna,rtrevna77@w3.org,Male,129.121.182.214
261,Judye,Fozzard,jfozzard78@bbb.org,Female,151.147.90.201
262,Arri,Blum,ablum79@fda.gov,Male,143.225.66.99
263,Marybelle,Waddicor,mwaddicor7a@cnn.com,Female,217.184.84.99
264,Bernete,Hause,bhause7b@house.gov,Female,18.42.213.137
265,Cleve,MacPadene,cmacpadene7c@wunderground.com,Male,90.138.54.218
266,Hanny,Corre,hcorre7d@chronoengine.com,Female,134.111.72.61
267,Sheila-kathryn,Dyment,sdyment7e@mtv.com,Female,142.23.109.236
268,Cristi,Lorenzetto,clorenzetto7f@google.cn,Female,37.136.198.9
269,Shelton,Debney,sdebney7g@youtube.com,Male,145.28.75.139
270,Spike,Begley,sbegley7h@list-manage.com,Male,29.183.123.151
271,Erv,Wigelsworth,ewigelsworth7i@discovery.com,Male,50.235.253.105
272,Nickola,Lumbers,nlumbers7j@oakley.com,Male,199.62.145.170
273,Brinna,Guidelli,bguidelli7k@bigcartel.com,Female,65.123.206.232
274,Merci,Matthias,mmatthias7l@bravesites.com,Female,192.79.222.67
275,Agatha,Elvidge,aelvidge7m@over-blog.com,Female,215.134.227.88
276,Clemmie,Rickeard,crickeard7n@networksolutions.com,Male,91.7.111.60
277,Elihu,Cisec,ecisec7o@hugedomains.com,Male,140.10.100.100
278,Mario,Boseley,mboseley7p@usa.gov,Male,217.33.159.93
279,Agnola,Yukhov,ayukhov7q@google.pl,Female,70.34.11.26
280,Elvin,Akerman,eakerman7r@seattletimes.com,Male,249.48.44.99
281,Riccardo,Hartas,rhartas7s@jalbum.net,Male,144.10.75.23
282,Gilberto,Balogh,gbalogh7t@economist.com,Male,120.50.148.232
283,Mandy,Wynrehame,mwynrehame7u@java.com,Female,182.169.18.132
284,Karney,Antonovic,kantonovic7v@diigo.com,Male,240.63.68.162
285,Layney,Bailess,lbailess7w@tiny.cc,Female,125.206.100.36
286,Walsh,Glynne,wglynne7x@amazonaws.com,Male,102.163.44.190
287,Federico,Ellins,fellins7y@ustream.tv,Male,11.42.165.191
288,Janela,Clemitt,jclemitt7z@aol.com,Female,22.158.198.81
289,Letti,Dinesen,ldinesen80@technorati.com,Female,201.145.165.223
290,Hilliard,Sweedland,hsweedland81@blogtalkradio.com,Male,161.66.145.59
291,Cassi,Peggrem,cpeggrem82@plala.or.jp,Female,143.173.167.198
292,Felicity,Deller,fdeller83@ning.com,Female,57.22.19.17
293,Johan,McGeorge,jmcgeorge84@umich.edu,Male,123.120.238.112
294,Terri,Peachman,tpeachman85@epa.gov,Male,55.167.71.217
295,Lyda,Wilder,lwilder86@google.es,Female,64.178.195.130
296,Vaclav,Cram,vcram87@telegraph.co.uk,Male,166.204.224.175
297,Catherine,Hamnet,chamnet88@reverbnation.com,Female,113.198.249.238
298,Ellswerth,Worters,eworters89@google.it,Male,16.86.99.17
299,Bevan,Phizaclea,bphizaclea8a@baidu.com,Male,117.146.163.90
300,Morgan,Flamank,mflamank8b@amazon.de,Female,19.103.89.114
301,Lionello,Verrick,lverrick8c@baidu.com,Male,44.197.41.242
302,Yanaton,Bosworth,ybosworth8d@usda.gov,Male,165.7.8.20
303,Freeman,Lawfull,flawfull8e@digg.com,Male,62.39.215.164
304,Stanly,Eastwood,seastwood8f@msn.com,Male,252.79.119.229
305,Mitch,Bointon,mbointon8g@delicious.com,Male,49.29.34.211
306,Lief,Ludlow,lludlow8h@tamu.edu,Male,113.14.181.96
307,Suzi,MacKinnon,smackinnon8i@slate.com,Female,243.24.67.1
308,Marnia,Tuffs,mtuffs8j@nydailynews.com,Female,97.188.154.137
309,Theodosia,Abbie,tabbie8k@google.it,Female,46.107.1.216
310,Giacinta,Kennedy,gkennedy8l@prnewswire.com,Female,196.206.119.35
311,Joaquin,O'Reilly,joreilly8m@tripadvisor.com,Male,72.117.95.132
312,Florry,Lyste,flyste8n@si.edu,Female,222.117.45.49
313,Lilia,Rawstorn,lrawstorn8o@tumblr.com,Female,41.234.166.19
314,Forester,LaBastida,flabastida8p@rediff.com,Male,136.146.106.119
315,Ardeen,Verheijden,averheijden8q@themeforest.net,Female,223.183.100.84
316,Paula,Plaid,pplaid8r@gmpg.org,Female,180.93.215.185
317,Bertram,McMickan,bmcmickan8s@dedecms.com,Male,139.10.166.80
318,Yoko,Mattinson,ymattinson8t@omniture.com,Female,86.245.95.4
319,Marley,Josephy,mjosephy8u@craigslist.org,Female,111.244.53.180
320,Ulric,Sapauton,usapauton8v@reuters.com,Male,142.151.167.38
321,Adams,Austins,aaustins8w@ebay.co.uk,Male,171.45.250.217
322,Roana,Brien,rbrien8x@stumbleupon.com,Female,165.102.144.247
323,Mattias,Joll,mjoll8y@miibeian.gov.cn,Male,54.251.227.25
324,Packston,Caulfield,pcaulfield8z@phoca.cz,Male,110.11.125.121
325,Konstance,Clack,kclack90@microsoft.com,Female,59.125.19.25
326,Nan,Linnock,nlinnock91@hatena.ne.jp,Female,131.152.97.211
327,Clay,Simonian,csimonian92@networkadvertising.org,Male,129.240.197.193
328,Rockey,Rosenau,rrosenau93@usgs.gov,Male,235.101.40.96
329,Lorrayne,Fitchell,lfitchell94@oakley.com,Female,135.12.82.252
330,Klarrisa,Banat,kbanat95@chron.com,Female,193.7.149.182
331,Roldan,Fassbender,rfassbender96@home.pl,Male,244.89.189.242
332,Jameson,Millen,jmillen97@cafepress.com,Male,113.252.223.19
333,Dolores,Gunbie,dgunbie98@cocolog-nifty.com,Female,144.210.37.236
334,Dulci,Aldersea,daldersea99@boston.com,Female,193.66.169.223
335,Betteanne,Seebright,bseebright9a@linkedin.com,Female,150.240.248.123
336,Christiane,Balsellie,cbalsellie9b@unc.edu,Female,178.103.209.129
337,Sigfrid,Castagneto,scastagneto9c@bloomberg.com,Male,167.23.31.12
338,Glenine,Gosnoll,ggosnoll9d@wikipedia.org,Female,157.173.87.187
339,Eward,Yesinin,eyesinin9e@symantec.com,Male,70.244.190.128
340,Worthington,Fulun,wfulun9f@phoca.cz,Male,36.14.36.63
341,Markos,Sidebottom,msidebottom9g@themeforest.net,Male,102.227.6.100
342,Tyler,Partner,tpartner9h@rambler.ru,Male,105.151.18.119
343,Nicolina,Oty,noty9i@engadget.com,Female,104.92.18.163
344,Rouvin,McCritichie,rmccritichie9j@cbslocal.com,Male,119.6.215.15
345,Merrill,Waitland,mwaitland9k@uiuc.edu,Male,111.208.197.69
346,Carmon,Rylatt,crylatt9l@nifty.com,Female,135.97.221.23
347,Brigida,Sargeant,bsargeant9m@privacy.gov.au,Female,121.113.14.145
348,Tobey,Bulfit,tbulfit9n@multiply.com,Female,80.74.65.125
349,Les,Zavattiero,lzavattiero9o@webnode.com,Male,153.103.228.44
350,Kristos,Schleswig-Holstein,kschleswigholstein9p@github.com,Male,114.243.197.34
351,Caitrin,Ollive,collive9q@who.int,Female,238.91.82.227
352,Bryon,Kalvin,bkalvin9r@ning.com,Male,10.255.6.43
353,Kenna,O'Haire,kohaire9s@go.com,Female,165.177.203.162
354,Portia,Fernehough,pfernehough9t@twitter.com,Female,86.114.83.46
355,Zola,Penn,zpenn9u@nps.gov,Female,169.142.251.169
356,Corenda,Crossthwaite,ccrossthwaite9v@noaa.gov,Female,165.190.248.4
357,Margaretta,Senten,msenten9w@infoseek.co.jp,Female,43.187.17.188
358,Orv,Bottleson,obottleson9x@themeforest.net,Male,151.67.202.228
359,Courtenay,Bachellier,cbachellier9y@trellian.com,Female,250.194.253.156
360,Maryanne,Lovekin,mlovekin9z@purevolume.com,Female,128.213.2.27
361,Son,Belham,sbelhama0@unc.edu,Male,116.186.49.39
362,Kyle,Bockler,kbocklera1@imdb.com,Male,224.202.101.138
363,Riva,Normansell,rnormansella2@unc.edu,Female,157.237.202.193
364,Joshua,Wing,jwinga3@shinystat.com,Male,196.188.56.26
365,Davita,Twelvetrees,dtwelvetreesa4@smh.com.au,Female,252.190.136.117
366,Roy,Mazzeo,rmazzeoa5@sphinn.com,Male,150.27.132.207
367,Risa,Leehane,rleehanea6@reddit.com,Female,9.2.16.11
368,Matthias,Tollow,mtollowa7@hhs.gov,Male,240.43.189.28
369,Hans,Wisker,hwiskera8@google.nl,Male,167.231.66.232
370,Gene,Johansson,gjohanssona9@newyorker.com,Male,91.64.1.233
371,Petra,MacHarg,pmachargaa@cbsnews.com,Female,13.241.224.215
372,Beverlee,O' Kelleher,bokelleherab@tmall.com,Female,24.3.195.159
373,Donavon,Gogay,dgogayac@twitter.com,Male,253.181.102.75
374,Melinde,Bruin,mbruinad@woothemes.com,Female,85.144.77.129
375,Harlin,McInility,hmcinilityae@usatoday.com,Male,174.238.139.20
376,Fairleigh,Childers,fchildersaf@ezinearticles.com,Male,124.254.102.3
377,Olivier,Coupman,ocoupmanag@surveymonkey.com,Male,149.100.241.135
378,Torey,Clayfield,tclayfieldah@hibu.com,Male,140.198.103.40
379,Kerry,Rodolf,krodolfai@wufoo.com,Female,111.204.198.176
380,Sollie,Devey,sdeveyaj@hc360.com,Male,214.223.232.13
381,Ellis,McCully,emccullyak@utexas.edu,Male,152.226.130.198
382,Webb,Lethlay,wlethlayal@php.net,Male,220.197.217.116
383,Fina,Raulston,fraulstonam@eventbrite.com,Female,214.236.160.206
384,Shaylyn,Audiss,saudissan@pen.io,Female,216.41.34.53
385,Averil,Lauthian,alauthianao@cargocollective.com,Male,78.177.248.167
386,Harlin,Pamment,hpammentap@bluehost.com,Male,148.154.240.43
387,Terry,McQuillan,tmcquillanaq@boston.com,Male,217.107.121.35
388,Mirabella,Josipovic,mjosipovicar@zimbio.com,Female,202.216.68.28
389,Bobine,Alenshev,balenshevas@spotify.com,Female,50.167.155.73
390,Giselbert,Randalston,grandalstonat@reference.com,Male,255.208.166.112
391,Alonso,Waplington,awaplingtonau@cisco.com,Male,151.64.39.158
392,Anetta,Brimacombe,abrimacombeav@oracle.com,Female,164.83.161.3
393,Billi,John,bjohnaw@elegantthemes.com,Female,199.215.20.111
394,Sayer,Van der Kruijs,svanderkruijsax@ameblo.jp,Male,88.12.7.129
395,Lewie,Borthram,lborthramay@adobe.com,Male,241.28.45.125
396,Arline,Yuill,ayuillaz@whitehouse.gov,Female,115.248.48.199
397,Deane,Waterman,dwatermanb0@arizona.edu,Female,165.77.228.156
398,Catina,Hulke,chulkeb1@typepad.com,Female,224.218.94.143
399,Riley,Ible,ribleb2@census.gov,Male,244.189.216.40
400,Judah,Biggadike,jbiggadikeb3@hud.gov,Male,238.9.80.22
401,Myer,Younglove,myoungloveb4@va.gov,Male,231.139.51.220
402,Corinne,Kilvington,ckilvingtonb5@imdb.com,Female,173.121.255.126
403,Ernestine,Vidloc,evidlocb6@hhs.gov,Female,235.66.26.91
404,Sherill,Coulbeck,scoulbeckb7@digg.com,Female,182.4.60.204
405,Quinn,De la Yglesias,qdelayglesiasb8@oracle.com,Female,7.163.254.211
406,Patrick,Suttie,psuttieb9@google.co.jp,Male,253.45.31.121
407,Bab,Zannuto,bzannutoba@psu.edu,Female,91.115.194.142
408,Marney,Renvoys,mrenvoysbb@cnbc.com,Female,4.243.121.100
409,Essa,Heinert,eheinertbc@reuters.com,Female,42.141.239.129
410,Perle,Keele,pkeelebd@ameblo.jp,Female,193.213.8.25
411,Ravid,Josh,rjoshbe@etsy.com,Male,4.6.11.212
412,Nappy,Mullane,nmullanebf@cafepress.com,Male,43.27.183.165
413,Aldus,Roughley,aroughleybg@newsvine.com,Male,198.228.230.99
414,Bette,Reboul,breboulbh@umn.edu,Female,32.104.108.71
415,Deane,Reece,dreecebi@xrea.com,Female,148.119.127.49
416,Adolpho,Collecott,acollecottbj@ucoz.ru,Male,4.96.102.28
417,Aldus,Denisyuk,adenisyukbk@walmart.com,Male,174.57.177.121
418,Ronnie,Hazlegrove,rhazlegrovebl@over-blog.com,Male,244.164.3.97
419,Nico,Whittam,nwhittambm@furl.net,Male,94.242.246.215
420,Biddie,Allewell,ballewellbn@engadget.com,Female,230.65.49.94
421,Virgil,Dewberry,vdewberrybo@php.net,Male,5.194.211.99
422,Leonie,O'Farrell,lofarrellbp@ustream.tv,Female,234.0.252.205
423,Joel,Cabrera,jcabrerabq@blogs.com,Male,255.216.220.72
424,Sheree,Ladloe,sladloebr@state.gov,Female,116.208.145.237
425,Dud,Blampey,dblampeybs@tmall.com,Male,140.4.24.122
426,Eliza,Eason,eeasonbt@amazon.co.jp,Female,86.119.171.174
427,Gar,Sowter,gsowterbu@ehow.com,Male,12.164.169.50
428,Durant,Stainton,dstaintonbv@sciencedaily.com,Male,253.121.189.101
429,Sheela,Raddenbury,sraddenburybw@gnu.org,Female,62.98.5.234
430,Jose,Surgison,jsurgisonbx@google.it,Male,172.208.236.11
431,Cleopatra,Drohun,cdrohunby@themeforest.net,Female,33.198.215.9
432,Zenia,Ottewill,zottewillbz@php.net,Female,238.195.162.220
433,Keene,Litterick,klitterickc0@qq.com,Male,166.110.249.2
434,Clarey,McCarney,cmccarneyc1@chicagotribune.com,Female,248.133.155.111
435,Olive,Dayne,odaynec2@ezinearticles.com,Female,250.190.5.221
436,Blinnie,Sifflett,bsifflettc3@wikipedia.org,Female,74.6.140.25
437,Jere,Annies,janniesc4@google.com,Female,41.97.155.0
438,Gunilla,Perillio,gperillioc5@princeton.edu,Female,79.202.82.114
439,Karine,Redmile,kredmilec6@booking.com,Female,45.5.107.110
440,Laryssa,Patek,lpatekc7@goo.ne.jp,Female,95.178.18.230
441,Beitris,Rummins,brumminsc8@addtoany.com,Female,147.162.73.2
442,Lodovico,Fordham,lfordhamc9@dyndns.org,Male,51.248.118.220
443,Nanette,Calleja,ncallejaca@ox.ac.uk,Female,250.73.72.13
444,Pernell,Kinsell,pkinsellcb@dell.com,Male,5.9.33.116
445,Cristobal,Popple,cpopplecc@linkedin.com,Male,149.65.249.57
446,Joletta,Rosendorf,jrosendorfcd@huffingtonpost.com,Female,219.226.217.197
447,Luisa,Causnett,lcausnettce@weather.com,Female,167.114.103.112
448,Eldredge,Bridie,ebridiecf@techcrunch.com,Male,226.65.110.248
449,Kerby,Perryn,kperryncg@hatena.ne.jp,Male,237.65.179.88
450,Yard,Ludford,yludfordch@psu.edu,Male,46.231.111.240
451,Stanford,Wawer,swawerci@smugmug.com,Male,41.216.236.51
452,Blondell,Giorgini,bgiorginicj@issuu.com,Female,201.155.245.117
453,Phip,Norman,pnormanck@macromedia.com,Male,57.201.231.114
454,Maxim,Romi,mromicl@ebay.co.uk,Male,126.33.31.94
455,Ode,Fairhead,ofairheadcm@ebay.com,Male,51.32.186.182
456,Cobb,Abele,cabelecn@bloglines.com,Male,161.250.21.174
457,Maison,Verheyden,mverheydenco@huffingtonpost.com,Male,117.154.6.189
458,Hamnet,Wandrey,hwandreycp@wordpress.org,Male,41.76.78.229
459,Hastings,Findley,hfindleycq@mashable.com,Male,63.105.122.9
460,Merridie,Skeermer,mskeermercr@usnews.com,Female,188.39.196.76
461,Jorge,Scryne,jscrynecs@nationalgeographic.com,Male,58.87.160.96
462,Andrus,Kirvin,akirvinct@moonfruit.com,Male,108.140.177.49
463,Waring,Jirousek,wjirousekcu@columbia.edu,Male,29.154.117.173
464,Bliss,Mouland,bmoulandcv@g.co,Female,62.234.30.225
465,Gun,Kemmey,gkemmeycw@unc.edu,Male,29.214.40.169
466,Alikee,Ricardot,aricardotcx@oracle.com,Female,69.215.78.182
467,Massimo,Kleinhaut,mkleinhautcy@sun.com,Male,80.198.66.203
468,Pennie,Beckenham,pbeckenhamcz@slashdot.org,Female,85.1.175.56
469,Cord,Townley,ctownleyd0@opera.com,Male,157.19.21.143
470,Angy,Denholm,adenholmd1@ocn.ne.jp,Female,132.177.67.189
471,Louisa,Rowett,lrowettd2@yale.edu,Female,102.173.96.222
472,Toinette,Seville,tsevilled3@studiopress.com,Female,122.141.35.250
473,Gayla,Comino,gcominod4@forbes.com,Female,116.221.52.105
474,Cirillo,Dyer,cdyerd5@arizona.edu,Male,36.78.225.22
475,Terence,Chittock,tchittockd6@biglobe.ne.jp,Male,10.49.200.234
476,Byram,Lydiate,blydiated7@mediafire.com,Male,58.137.178.248
477,Elysha,Harrowell,eharrowelld8@google.ca,Female,207.188.50.31
478,Pierce,Scuse,pscused9@home.pl,Male,247.253.253.241
479,Giustina,Bax,gbaxda@army.mil,Female,106.125.252.143
480,Janaye,Soffe,jsoffedb@i2i.jp,Female,242.29.226.228
481,Marcelo,Gaunter,mgaunterdc@so-net.ne.jp,Male,249.135.72.80
482,Dana,Gotliffe,dgotliffedd@comsenz.com,Male,102.156.43.97
483,Loretta,Moizer,lmoizerde@buzzfeed.com,Female,197.125.103.102
484,Lainey,Placidi,lplacididf@blinklist.com,Female,216.251.167.147
485,Vally,Eagles,veaglesdg@wordpress.org,Female,22.158.126.215
486,Sammie,Doelle,sdoelledh@ibm.com,Male,111.164.236.145
487,Erin,McGinnis,emcginnisdi@mozilla.org,Male,73.82.155.72
488,Eric,Duggan,eduggandj@rediff.com,Male,216.115.210.132
489,Sutherlan,MacPeice,smacpeicedk@about.me,Male,0.176.56.182
490,Storm,Crossthwaite,scrossthwaitedl@studiopress.com,Female,2.168.96.245
491,Petra,Mickleborough,pmickleboroughdm@joomla.org,Female,197.136.189.148
492,Ferguson,Oxenford,foxenforddn@cnn.com,Male,88.70.99.101
493,Catharina,Ortiga,cortigado@livejournal.com,Female,39.41.198.201
494,Arleyne,Oswald,aoswalddp@ask.com,Female,173.50.136.93
495,Inessa,Brasted,ibrasteddq@engadget.com,Female,233.1.120.161
496,Loraine,Rash,lrashdr@usa.gov,Female,141.73.98.116
497,Rubetta,Gehricke,rgehrickeds@vistaprint.com,Female,199.102.232.20
498,Ronalda,Szymanowicz,rszymanowiczdt@si.edu,Female,18.18.142.244
499,Nevins,Coat,ncoatdu@pbs.org,Male,63.195.168.192
500,Dalli,Toma,dtomadv@census.gov,Male,67.113.72.57
501,Alana,Dewbury,adewburydw@51.la,Female,185.153.231.217
502,Sharity,Gerwood,sgerwooddx@sciencedirect.com,Female,146.175.72.139
503,Blair,Dumbrell,bdumbrelldy@marriott.com,Male,15.54.149.55
504,Letty,Fatharly,lfatharlydz@upenn.edu,Female,197.205.125.159
505,Diann,Saffen,dsaffene0@sun.com,Female,89.79.252.15
506,Evania,Bottelstone,ebottelstonee1@berkeley.edu,Female,25.217.180.163
507,Neils,McCorrie,nmccorriee2@discovery.com,Male,71.86.30.54
508,Dean,Thring,dthringe3@mit.edu,Male,87.3.152.222
509,Tucker,Bendelow,tbendelowe4@senate.gov,Male,1.132.110.116
510,Gilbertine,Melloi,gmelloie5@dion.ne.jp,Female,189.164.187.205
511,Liesa,Geelan,lgeelane6@geocities.com,Female,75.3.20.198
512,Suellen,Ivery,siverye7@drupal.org,Female,75.210.124.77
513,Alic,Hedgeman,ahedgemane8@t.co,Male,224.92.171.172
514,Irwin,Joselevitz,ijoselevitze9@archive.org,Male,90.203.68.199
515,Elroy,Gammett,egammettea@va.gov,Male,209.133.219.23
516,Stormie,Saurat,ssaurateb@toplist.cz,Female,105.200.12.18
517,Benedetta,Statton,bstattonec@reddit.com,Female,252.65.79.86
518,Cecil,Dawkins,cdawkinsed@tripod.com,Female,68.53.58.184
519,Lawton,Purcell,lpurcellee@ucoz.com,Male,87.181.242.72
520,Seana,Growden,sgrowdenef@fda.gov,Female,108.224.128.16
521,Shepard,Salerno,ssalernoeg@samsung.com,Male,228.197.23.25
522,Jozef,Duprey,jdupreyeh@zimbio.com,Male,211.169.211.110
523,Eamon,Aasaf,eaasafei@rakuten.co.jp,Male,122.62.23.106
524,Christyna,Carnoghan,ccarnoghanej@engadget.com,Female,76.128.62.235
525,Fanya,Radloff,fradloffek@cpanel.net,Female,221.235.184.200
526,Amy,Ferrillo,aferrilloel@pinterest.com,Female,252.66.149.150
527,Leland,Struther,lstrutherem@ycombinator.com,Female,149.195.99.126
528,Candra,Eilles,ceillesen@ustream.tv,Female,1.38.228.95
529,Curt,Sconce,csconceeo@ebay.com,Male,250.69.108.126
530,Marybeth,Macenzy,mmacenzyep@ft.com,Female,94.8.168.185
531,Horst,Lackington,hlackingtoneq@hugedomains.com,Male,4.74.27.67
532,Tammy,Chesnay,tchesnayer@wsj.com,Male,171.210.237.28
533,Emlynne,Gowrich,egowriches@indiatimes.com,Female,171.244.251.205
534,Clyve,Broscombe,cbroscombeet@live.com,Male,74.77.193.145
535,Sergeant,MacKnocker,smacknockereu@constantcontact.com,Male,200.74.157.23
536,Dougy,Ciardo,dciardoev@redcross.org,Male,5.0.57.15
537,Rory,Stillman,rstillmanew@a8.net,Female,6.44.237.201
538,Cosetta,Featherston,cfeatherstonex@google.co.jp,Female,152.40.109.35
539,Burton,Bunney,bbunneyey@photobucket.com,Male,74.175.173.83
540,Chico,McGreary,cmcgrearyez@yellowbook.com,Male,76.250.42.58
541,Luz,Scarr,lscarrf0@senate.gov,Female,154.115.31.200
542,Marve,Cairney,mcairneyf1@ifeng.com,Male,131.180.25.147
543,Demetris,Klimsch,dklimschf2@pcworld.com,Male,197.188.169.203
544,Delores,McTurley,dmcturleyf3@imgur.com,Female,203.254.97.250
545,Yovonnda,Daintier,ydaintierf4@bigcartel.com,Female,165.7.211.8
546,Maynard,Chorlton,mchorltonf5@goo.ne.jp,Male,164.30.42.218
547,Terence,Slewcock,tslewcockf6@thetimes.co.uk,Male,230.204.149.166
548,Bartram,Rubinek,brubinekf7@cdbaby.com,Male,129.114.93.163
549,Aldwin,Hallworth,ahallworthf8@hao123.com,Male,238.99.28.136
550,Nap,Mowbury,nmowburyf9@tripod.com,Male,134.219.69.249
551,Kristin,Gilfether,kgilfetherfa@usatoday.com,Female,184.123.159.230
552,Lazaro,Hixley,lhixleyfb@phoca.cz,Male,240.166.31.154
553,Ross,Wollers,rwollersfc@apache.org,Male,117.121.9.126
554,Emmalynn,Meers,emeersfd@jugem.jp,Female,156.160.223.228
555,Tina,Truss,ttrussfe@webmd.com,Female,119.211.20.181
556,Arley,Bessent,abessentff@godaddy.com,Male,100.170.155.112
557,Elayne,Figin,efiginfg@bing.com,Female,249.17.19.8
558,Mylo,Toman,mtomanfh@walmart.com,Male,171.196.183.181
559,Randal,Merredy,rmerredyfi@edublogs.org,Male,203.159.207.34
560,Maible,Rosenwasser,mrosenwasserfj@un.org,Female,41.103.219.117
561,Haley,Twell,htwellfk@newyorker.com,Male,235.170.235.12
562,Franzen,Trengrouse,ftrengrousefl@usda.gov,Male,182.15.129.222
563,Sofie,Grimbaldeston,sgrimbaldestonfm@artisteer.com,Female,14.34.93.150
564,Ferris,Huortic,fhuorticfn@google.es,Male,228.184.102.236
565,Fanchette,Headey,fheadeyfo@devhub.com,Female,48.87.228.63
566,Jermaine,Drinkel,jdrinkelfp@tinyurl.com,Female,181.245.195.185
567,Lennie,Whewell,lwhewellfq@github.io,Male,152.22.254.72
568,Patrizius,Conwell,pconwellfr@ovh.net,Male,45.97.34.159
569,Gerardo,Crossgrove,gcrossgrovefs@biblegateway.com,Male,71.174.90.45
570,Tybie,Fairbridge,tfairbridgeft@cmu.edu,Female,20.71.193.56
571,Bruis,Taggart,btaggartfu@xing.com,Male,255.47.179.36
572,Franny,Petruska,fpetruskafv@blogtalkradio.com,Male,32.124.143.19
573,Ronald,Brocklebank,rbrocklebankfw@google.ru,Male,229.240.15.5
574,Claretta,Seviour,cseviourfx@over-blog.com,Female,108.53.238.41
575,Brigit,Fanti,bfantify@edublogs.org,Female,188.14.25.252
576,Kip,Hackney,khackneyfz@nyu.edu,Male,90.158.46.52
577,Ilyse,Stabler,istablerg0@tinypic.com,Female,190.149.112.230
578,Aubine,Canham,acanhamg1@amazon.co.uk,Female,26.108.222.106
579,Giovanna,Wollaston,gwollastong2@barnesandnoble.com,Female,250.173.178.179
580,Redd,Goor,rgoorg3@alexa.com,Male,173.47.236.88
581,Melany,Filipov,mfilipovg4@phoca.cz,Female,214.31.185.219
582,Ralina,Feathersby,rfeathersbyg5@facebook.com,Female,123.232.198.42
583,Harv,Decruse,hdecruseg6@123-reg.co.uk,Male,183.19.59.230
584,Jaymee,Aburrow,jaburrowg7@toplist.cz,Female,194.236.53.43
585,Virgie,De Biaggi,vdebiaggig8@census.gov,Female,34.244.23.222
586,Arvin,Pauly,apaulyg9@dedecms.com,Male,150.237.186.77
587,Chrisy,Skoyles,cskoylesga@cbslocal.com,Male,78.51.146.219
588,Errick,McGaffey,emcgaffeygb@diigo.com,Male,6.64.153.125
589,Baron,Etchingham,betchinghamgc@cbsnews.com,Male,30.160.188.194
590,Savina,McKomb,smckombgd@booking.com,Female,12.98.216.155
591,Brett,Lancaster,blancasterge@ucoz.com,Female,33.101.40.10
592,Cleveland,Scrane,cscranegf@myspace.com,Male,84.67.82.152
593,Isa,Plank,iplankgg@yale.edu,Male,95.23.178.32
594,Vachel,Zmitrichenko,vzmitrichenkogh@bloomberg.com,Male,168.161.124.25
595,Georgina,McCoish,gmccoishgi@hexun.com,Female,87.133.229.254
596,Delphinia,Holde,dholdegj@epa.gov,Female,141.143.222.187
597,Vernon,Dunkerk,vdunkerkgk@hugedomains.com,Male,162.17.149.48
598,Sigfrid,Creavin,screavingl@pbs.org,Male,123.86.65.249
599,Kaine,Farley,kfarleygm@themeforest.net,Male,22.251.99.23
600,Sheff,Scholtis,sscholtisgn@globo.com,Male,180.129.82.93
601,Carson,Shemilt,cshemiltgo@hao123.com,Male,119.187.71.171
602,Eddie,Rothera,erotheragp@delicious.com,Male,178.230.56.208
603,Sydney,Stockley,sstockleygq@zimbio.com,Female,250.198.224.150
604,Rosemaria,Mussolini,rmussolinigr@jalbum.net,Female,114.7.207.56
605,Filmore,McAulay,fmcaulaygs@unesco.org,Male,152.229.16.214
606,Karylin,Gowler,kgowlergt@pcworld.com,Female,207.69.100.37
607,Rockwell,Thon,rthongu@flickr.com,Male,115.197.189.154
608,Loy,Castanie,lcastaniegv@samsung.com,Male,79.30.3.97
609,Rona,Fessby,rfessbygw@ask.com,Female,110.193.210.33
610,Lena,Greatex,lgreatexgx@mac.com,Female,210.85.128.143
611,Obediah,Dethloff,odethloffgy@sciencedirect.com,Male,39.186.71.119
612,Nomi,Blonden,nblondengz@purevolume.com,Female,228.75.24.52
613,Stacia,Grigorkin,sgrigorkinh0@amazonaws.com,Female,182.12.150.205
614,Yard,Beynke,ybeynkeh1@wikipedia.org,Male,85.63.227.34
615,Arie,Petrovykh,apetrovykhh2@1und1.de,Male,165.68.11.135
616,Nesta,Guymer,nguymerh3@webs.com,Female,236.249.185.62
617,Berti,Niles,bnilesh4@photobucket.com,Male,25.136.178.91
618,Rock,Dorkens,rdorkensh5@example.com,Male,103.52.43.150
619,Robbin,Calliss,rcallissh6@geocities.com,Female,230.252.15.27
620,Frederik,Vaugham,fvaughamh7@baidu.com,Male,39.160.187.50
621,Chryste,Calway,ccalwayh8@answers.com,Female,216.94.28.143
622,Amata,Mewett,amewetth9@hud.gov,Female,253.247.182.252
623,Vite,Grassot,vgrassotha@jimdo.com,Male,194.107.183.239
624,Tristam,Androli,tandrolihb@bbb.org,Male,80.226.110.86
625,Walton,Itzkovwich,witzkovwichhc@techcrunch.com,Male,3.217.184.184
626,Shelby,Stainfield,sstainfieldhd@163.com,Male,62.32.137.143
627,Randene,Cade,rcadehe@nifty.com,Female,211.43.44.14
628,Rickey,Czajkowski,rczajkowskihf@intel.com,Male,200.223.122.190
629,Arnold,Reskelly,areskellyhg@auda.org.au,Male,195.201.45.231
630,Samson,Maybery,smayberyhh@instagram.com,Male,181.237.170.24
631,Winona,Cootes,wcooteshi@auda.org.au,Female,82.230.121.43
632,Jarvis,Hargate,jhargatehj@fc2.com,Male,191.140.70.226
633,Otha,Gendrich,ogendrichhk@ehow.com,Female,18.105.157.196
634,Tome,Lorand,tlorandhl@bbc.co.uk,Male,2.136.69.139
635,Silva,Occleshaw,soccleshawhm@stanford.edu,Female,103.61.9.87
636,Raeann,Lingwood,rlingwoodhn@shutterfly.com,Female,70.189.232.157
637,Kassandra,Watts,kwattsho@whitehouse.gov,Female,180.138.52.219
638,Deena,Handaside,dhandasidehp@java.com,Female,185.250.15.93
639,Corey,Arias,cariashq@latimes.com,Female,164.51.65.223
640,Gwynne,Sergison,gsergisonhr@ucsd.edu,Female,220.190.44.96
641,Buiron,Burgne,bburgnehs@comcast.net,Male,185.240.92.132
642,Chadwick,Ryce,cryceht@g.co,Male,169.2.38.37
643,Lea,Daines,ldaineshu@kickstarter.com,Female,15.25.139.247
644,Marsh,McKune,mmckunehv@twitpic.com,Male,150.154.199.147
645,Gray,Barneville,gbarnevillehw@posterous.com,Male,75.206.133.19
646,Joly,Clutram,jclutramhx@cocolog-nifty.com,Female,26.252.114.146
647,Ikey,Yaakov,iyaakovhy@statcounter.com,Male,7.103.171.115
648,Lydie,Abrams,labramshz@google.it,Female,52.6.133.252
649,Tobe,Ellesmere,tellesmerei0@princeton.edu,Male,69.230.4.135
650,Regen,Poker,rpokeri1@sun.com,Male,42.45.170.89
651,Robb,Solomonides,rsolomonidesi2@over-blog.com,Male,238.175.189.147
652,Johann,Humphrys,jhumphrysi3@joomla.org,Male,248.64.20.15
653,Jewell,Habbon,jhabboni4@sfgate.com,Female,61.217.125.246
654,Vikky,Squirrell,vsquirrelli5@google.it,Female,98.128.171.91
655,Wenona,Finnimore,wfinnimorei6@mtv.com,Female,228.34.17.232
656,Ignace,Dorgon,idorgoni7@fastcompany.com,Male,101.140.187.130
657,Conny,Tiltman,ctiltmani8@wikispaces.com,Male,102.214.84.123
658,Manolo,Wedlake,mwedlakei9@dagondesign.com,Male,148.170.114.220
659,Mignonne,Denny,mdennyia@biblegateway.com,Female,196.37.190.138
660,Leonard,Parry,lparryib@nifty.com,Male,198.110.166.242
661,Giacinta,Caesman,gcaesmanic@issuu.com,Female,9.25.152.182
662,Florette,Ferrieroi,fferrieroiid@toplist.cz,Female,200.8.190.155
663,Gram,Bordone,gbordoneie@auda.org.au,Male,111.142.21.245
664,Tatiania,Banbrook,tbanbrookif@csmonitor.com,Female,13.173.104.12
665,Colet,Grima,cgrimaig@lulu.com,Male,149.235.81.93
666,Oren,Janeway,ojanewayih@edublogs.org,Male,48.113.228.197
667,Ange,Hancill,ahancillii@a8.net,Female,138.142.17.1
668,Amity,Brevetor,abrevetorij@twitter.com,Female,203.43.6.157
669,Nev,Jellman,njellmanik@networksolutions.com,Male,108.166.54.1
670,Ingemar,Sheer,isheeril@phpbb.com,Male,215.17.77.189
671,Gates,Alexsandrov,galexsandrovim@wisc.edu,Female,226.81.176.167
672,Kurt,Letty,klettyin@imdb.com,Male,67.29.241.128
673,Malina,Radke,mradkeio@apache.org,Female,139.232.53.219
674,Bab,Sitford,bsitfordip@mozilla.org,Female,98.177.187.229
675,Ezequiel,Boch,ebochiq@qq.com,Male,64.246.163.38
676,Jodie,Burwood,jburwoodir@army.mil,Male,1.95.251.110
677,Gweneth,Serotsky,gserotskyis@google.co.jp,Female,244.244.251.107
678,Dalton,Vassman,dvassmanit@wordpress.com,Male,6.129.244.50
679,George,Terlinden,gterlindeniu@chronoengine.com,Female,8.168.68.229
680,Lind,Othick,lothickiv@wikipedia.org,Male,79.40.177.34
681,Winn,Gadeaux,wgadeauxiw@salon.com,Male,56.25.80.17
682,Mason,Pashe,mpasheix@zdnet.com,Male,76.80.172.210
683,Lexine,Syson,lsysoniy@xing.com,Female,106.250.194.222
684,Shandeigh,Sawbridge,ssawbridgeiz@slate.com,Female,132.23.31.19
685,Hernando,Coxhead,hcoxheadj0@seesaa.net,Male,49.130.149.56
686,Gilbertine,Capelow,gcapelowj1@posterous.com,Female,126.43.34.29
687,Darice,Runciman,druncimanj2@fda.gov,Female,51.193.195.229
688,Jessy,Allred,jallredj3@comsenz.com,Female,196.122.23.139
689,Mirilla,Mokes,mmokesj4@about.com,Female,166.156.0.216
690,Homere,Ridpath,hridpathj5@examiner.com,Male,0.198.135.229
691,Audre,Standing,astandingj6@ed.gov,Female,236.187.51.249
692,Dore,Size,dsizej7@scribd.com,Female,222.132.122.117
693,Towny,Nast,tnastj8@home.pl,Male,77.30.94.77
694,Wash,Domniney,wdomnineyj9@businessinsider.com,Male,176.48.44.254
695,Rozina,Dy,rdyja@npr.org,Female,23.181.209.10
696,Garnette,Pickering,gpickeringjb@cbc.ca,Female,125.210.246.94
697,Augustus,Gaddas,agaddasjc@homestead.com,Male,217.6.133.175
698,Ferd,Parkinson,fparkinsonjd@squarespace.com,Male,250.140.184.73
699,Wood,Kinchlea,wkinchleaje@deliciousdays.com,Male,93.81.27.120
700,Antoine,Leman,alemanjf@chron.com,Male,249.53.138.225
701,Claudelle,Goosey,cgooseyjg@wikimedia.org,Female,193.35.209.54
702,Daphene,Cobelli,dcobellijh@youku.com,Female,212.111.68.23
703,Ewen,Denisovich,edenisovichji@shop-pro.jp,Male,57.141.141.41
704,Almeria,Boydell,aboydelljj@wiley.com,Female,143.186.223.105
705,Laurel,Print,lprintjk@shop-pro.jp,Female,140.166.149.27
706,Renee,Sibley,rsibleyjl@youtube.com,Female,212.116.123.244
707,Jelene,Hacun,jhacunjm@blogspot.com,Female,154.148.132.119
708,Bettina,Yellop,byellopjn@boston.com,Female,238.193.113.118
709,Lothario,Laurenceau,llaurenceaujo@stumbleupon.com,Male,75.109.54.17
710,Dorette,Bridie,dbridiejp@pen.io,Female,46.111.2.216
711,Ysabel,Veronique,yveroniquejq@phoca.cz,Female,68.217.90.169
712,Forest,Gooderick,fgooderickjr@businessweek.com,Male,25.74.148.103
713,Filippo,Maggill'Andreis,fmaggillandreisjs@bing.com,Male,9.82.246.63
714,Tobiah,Ingle,tinglejt@arizona.edu,Male,25.149.206.176
715,Emelina,Scutts,escuttsju@ebay.co.uk,Female,117.222.87.5
716,Rowe,Sharples,rsharplesjv@jigsy.com,Female,255.113.191.70
717,Arri,Servant,aservantjw@utexas.edu,Male,91.160.20.255
718,Abigael,Szymanek,aszymanekjx@seesaa.net,Female,52.102.37.177
719,Barry,Hayto,bhaytojy@si.edu,Male,26.100.166.22
720,Mindy,Gregoraci,mgregoracijz@cornell.edu,Female,252.119.144.211
721,Alanson,Sprott,asprottk0@deliciousdays.com,Male,157.55.91.131
722,Emanuel,Rickaert,erickaertk1@jalbum.net,Male,248.74.144.174
723,Elwood,Hyder,ehyderk2@ehow.com,Male,3.2.71.228
724,Myrvyn,Lunt,mluntk3@mozilla.org,Male,65.63.118.118
725,Mordy,Duinbleton,mduinbletonk4@github.com,Male,130.142.237.146
726,Justin,Langland,jlanglandk5@umn.edu,Male,155.116.228.77
727,Jessie,Kidstoun,jkidstounk6@ucoz.ru,Female,120.229.179.198
728,Sutherlan,Leban,slebank7@linkedin.com,Male,31.70.62.255
729,Enid,Clendinning,eclendinningk8@prnewswire.com,Female,29.195.209.147
730,Addie,Backshaw,abackshawk9@ehow.com,Male,242.223.158.126
731,Marshall,Benit,mbenitka@joomla.org,Male,30.34.82.254
732,Bettina,Plampin,bplampinkb@jigsy.com,Female,246.174.109.89
733,Erika,Dinnies,edinnieskc@independent.co.uk,Female,205.220.122.208
734,Nikola,Shepstone,nshepstonekd@icq.com,Male,163.110.154.72
735,Ottilie,Hamber,ohamberke@people.com.cn,Female,239.184.211.200
736,Eugenio,Minshaw,eminshawkf@xinhuanet.com,Male,132.75.36.208
737,Filberto,Sexty,fsextykg@deliciousdays.com,Male,125.209.26.106
738,Roseline,Ackland,racklandkh@washington.edu,Female,76.122.61.104
739,Harvey,Gage,hgageki@joomla.org,Male,16.7.153.95
740,Larine,Mandal,lmandalkj@photobucket.com,Female,193.206.15.18
741,Sidnee,Butterly,sbutterlykk@people.com.cn,Male,141.109.4.44
742,Adrianne,Rulton,arultonkl@tripadvisor.com,Female,159.146.168.136
743,Krishnah,Hearnah,khearnahkm@blogs.com,Male,251.90.105.130
744,Juditha,Kern,jkernkn@washingtonpost.com,Female,42.195.171.181
745,Deanna,Ybarra,dybarrako@usa.gov,Female,109.124.251.43
746,Phedra,Cardow,pcardowkp@comsenz.com,Female,103.151.113.110
747,Adiana,Drakes,adrakeskq@addtoany.com,Female,9.84.186.93
748,Carlos,Janca,cjancakr@sbwire.com,Male,166.119.219.215
749,Bab,O'Corrane,bocorraneks@cnet.com,Female,63.144.223.52
750,Kameko,Karpmann,kkarpmannkt@hp.com,Female,22.98.151.8
751,Lind,Cheevers,lcheeversku@typepad.com,Female,196.54.32.82
752,Geralda,Steed,gsteedkv@ameblo.jp,Female,85.47.127.214
753,Julianna,Bonome,jbonomekw@linkedin.com,Female,29.154.94.200
754,Boy,Jozsika,bjozsikakx@booking.com,Male,216.149.28.173
755,Elianora,Moger,emogerky@drupal.org,Female,190.38.24.144
756,Rice,Woodier,rwoodierkz@tripod.com,Male,216.248.20.146
757,Link,Loveard,lloveardl0@ftc.gov,Male,91.229.71.98
758,Jermaine,Boltwood,jboltwoodl1@mapy.cz,Male,182.104.142.11
759,Mathias,Piatkow,mpiatkowl2@ucoz.com,Male,176.54.114.9
760,Yankee,Pulfer,ypulferl3@scribd.com,Male,181.53.91.147
761,Cortie,Alliker,callikerl4@sogou.com,Male,130.144.255.233
762,Charla,Stubbington,cstubbingtonl5@people.com.cn,Female,234.132.75.59
763,Morgana,Coupar,mcouparl6@pbs.org,Female,230.113.234.33
764,Tedman,Gwyn,tgwynl7@amazon.de,Male,249.121.203.14
765,Michal,Sothcott,msothcottl8@linkedin.com,Female,131.4.99.226
766,Reggi,Letten,rlettenl9@spiegel.de,Female,64.253.221.165
767,Amalie,Kleinpeltz,akleinpeltzla@google.cn,Female,82.66.47.89
768,Milton,Droghan,mdroghanlb@chronoengine.com,Male,195.108.227.26
769,Frans,Pietsma,fpietsmalc@ucsd.edu,Male,235.149.4.100
770,Hunfredo,Slocumb,hslocumbld@alibaba.com,Male,143.43.12.17
771,Way,Kumar,wkumarle@hatena.ne.jp,Male,201.9.111.132
772,Tracey,Heiden,theidenlf@furl.net,Female,152.45.64.169
773,Travers,Ewell,tewelllg@paypal.com,Male,97.121.236.1
774,Glori,Huson,ghusonlh@people.com.cn,Female,247.188.226.239
775,Yorgos,Abatelli,yabatellili@globo.com,Male,188.170.203.107
776,Margarita,Tschirschky,mtschirschkylj@ebay.com,Female,49.251.97.143
777,Katleen,Puckring,kpuckringlk@miibeian.gov.cn,Female,171.112.55.177
778,Debbie,Bouzan,dbouzanll@icq.com,Female,133.152.37.23
779,Zacharia,Truelove,ztruelovelm@storify.com,Male,2.180.177.202
780,Chickie,McLugaish,cmclugaishln@bandcamp.com,Female,254.176.179.135
781,Kenn,Soldner,ksoldnerlo@bloglines.com,Male,39.121.222.218
782,Dario,Bithell,dbithelllp@eepurl.com,Male,187.14.68.62
783,Miran,Durtnel,mdurtnellq@intel.com,Female,99.179.69.237
784,Gino,Jamary,gjamarylr@vinaora.com,Male,75.129.113.55
785,Letisha,Slowgrove,lslowgrovels@wiley.com,Female,5.235.120.78
786,Kerwinn,Witham,kwithamlt@blinklist.com,Male,111.141.46.220
787,Hakim,Pavese,hpaveselu@ustream.tv,Male,131.212.52.78
788,Rosanna,Sweett,rsweettlv@webeden.co.uk,Female,5.19.215.188
789,Teador,Glaze,tglazelw@europa.eu,Male,134.60.95.32
790,Allyson,MacBean,amacbeanlx@seattletimes.com,Female,156.3.68.9
791,Sabra,Pilger,spilgerly@dedecms.com,Female,21.153.241.33
792,Marley,De Ruggiero,mderuggierolz@printfriendly.com,Female,68.59.244.182
793,Lacey,Ledgerton,lledgertonm0@youtu.be,Female,76.224.238.135
794,Ferdy,Clulow,fclulowm1@barnesandnoble.com,Male,139.147.42.36
795,Sabina,Chiommienti,schiommientim2@mapy.cz,Female,59.187.185.119
796,Adrian,Asken,aaskenm3@cisco.com,Male,231.9.226.142
797,Torry,Hegg,theggm4@w3.org,Male,132.93.31.230
798,Leland,Hirsch,lhirschm5@gmpg.org,Female,227.246.140.39
799,Ranique,Marl,rmarlm6@skyrock.com,Female,153.203.5.167
800,Corey,Chainey,cchaineym7@abc.net.au,Male,135.241.195.103
801,Alice,Sproul,asproulm8@mlb.com,Female,131.20.53.233
802,Kenny,Pioch,kpiochm9@flickr.com,Male,19.78.244.133
803,Neil,Quarrell,nquarrellma@vkontakte.ru,Male,187.243.32.135
804,Sinclare,Sivewright,ssivewrightmb@myspace.com,Male,252.199.122.129
805,Isidor,Haydock,ihaydockmc@baidu.com,Male,48.240.5.79
806,Tyler,Vedenichev,tvedenichevmd@istockphoto.com,Male,194.127.66.239
807,Susann,Crozier,scrozierme@issuu.com,Female,43.32.168.70
808,Jemima,Cusworth,jcusworthmf@virginia.edu,Female,61.239.134.70
809,Jeromy,Chaucer,jchaucermg@gov.uk,Male,175.134.230.193
810,Laughton,Pock,lpockmh@washingtonpost.com,Male,55.52.233.62
811,Nora,Mayhead,nmayheadmi@sogou.com,Female,67.116.98.14
812,Obed,Brearley,obrearleymj@prlog.org,Male,224.196.246.59
813,Collin,Ponten,cpontenmk@kickstarter.com,Male,246.228.50.36
814,Ariel,Finder,afinderml@fda.gov,Female,174.150.82.208
815,Moira,Bowmer,mbowmermm@unicef.org,Female,189.49.3.157
816,Rhianon,Amys,ramysmn@gravatar.com,Female,146.6.193.177
817,Aguie,Rennebach,arennebachmo@hp.com,Male,109.123.193.238
818,Goldina,Folbig,gfolbigmp@gov.uk,Female,209.147.86.191
819,Steffi,Dewen,sdewenmq@twitter.com,Female,137.85.16.195
820,Kristoffer,McTeer,kmcteermr@quantcast.com,Male,71.235.151.180
821,Travers,Simeons,tsimeonsms@ezinearticles.com,Male,17.121.33.157
822,Donall,Whiskerd,dwhiskerdmt@irs.gov,Male,110.251.198.219
823,Corie,Swan,cswanmu@bing.com,Female,123.162.183.21
824,Valentine,Sancho,vsanchomv@newsvine.com,Male,77.136.36.6
825,Malchy,Worge,mworgemw@hostgator.com,Male,254.139.221.4
826,Krishna,Curton,kcurtonmx@posterous.com,Male,163.2.82.170
827,Jens,Collingworth,jcollingworthmy@biglobe.ne.jp,Male,75.109.2.226
828,Theodosia,Quennell,tquennellmz@google.co.jp,Female,38.160.2.183
829,Bertha,Dassindale,bdassindalen0@usa.gov,Female,254.225.254.228
830,Ania,Alenin,aaleninn1@parallels.com,Female,250.205.161.10
831,Quincey,Scruton,qscrutonn2@cafepress.com,Male,125.104.216.219
832,Brendan,Pennyman,bpennymann3@newyorker.com,Male,26.43.147.82
833,Aaron,Widdowfield,awiddowfieldn4@csmonitor.com,Male,198.111.63.153
834,Shepperd,Bisson,sbissonn5@imgur.com,Male,6.97.159.183
835,Earl,Bottoner,ebottonern6@google.es,Male,139.162.53.113
836,Freddy,Geraudy,fgeraudyn7@de.vu,Male,82.118.149.197
837,Bryant,Sellek,bsellekn8@sun.com,Male,164.38.150.64
838,Saundra,Neaverson,sneaversonn9@europa.eu,Female,26.50.176.232
839,Jenelle,Lumbley,jlumbleyna@usatoday.com,Female,104.204.189.193
840,Madison,Donlon,mdonlonnb@senate.gov,Male,104.13.164.117
841,Justus,Shottin,jshottinnc@twitter.com,Male,181.52.5.45
842,Carine,Saich,csaichnd@yolasite.com,Female,5.93.160.143
843,Dill,Roomes,droomesne@abc.net.au,Male,240.243.202.181
844,Ilyse,Sember,isembernf@storify.com,Female,150.46.156.58
845,Horace,Ferguson,hfergusonng@woothemes.com,Male,221.40.150.227
846,Rabbi,Moden,rmodennh@foxnews.com,Male,70.42.199.147
847,Merrel,Benesevich,mbenesevichni@flavors.me,Male,217.143.210.109
848,Bethany,Broy,bbroynj@ovh.net,Female,41.180.12.153
849,Isabelita,Aire,iairenk@acquirethisname.com,Female,203.164.233.155
850,Arline,Summerlie,asummerlienl@51.la,Female,148.173.134.244
851,Chryste,Albone,calbonenm@so-net.ne.jp,Female,240.61.129.45
852,Deeanne,Crippen,dcrippennn@webeden.co.uk,Female,124.27.85.192
853,Kristy,Cartmell,kcartmellno@baidu.com,Female,225.146.181.80
854,Aldus,Conway,aconwaynp@etsy.com,Male,39.224.231.167
855,Iain,de Werk,idewerknq@pen.io,Male,252.179.128.71
856,Roscoe,O'Dogherty,rodoghertynr@photobucket.com,Male,101.206.110.141
857,Bernhard,Gounel,bgounelns@youtube.com,Male,2.33.223.193
858,Audrey,Haster,ahasternt@163.com,Female,116.170.129.0
859,Felicia,Saunder,fsaundernu@reddit.com,Female,125.249.212.164
860,Phillie,Golborne,pgolbornenv@guardian.co.uk,Female,195.226.100.186
861,Cristal,Fyers,cfyersnw@sbwire.com,Female,154.91.224.162
862,Rudolfo,McGannon,rmcgannonnx@blog.com,Male,156.51.78.223
863,Kurt,Hebner,khebnerny@ezinearticles.com,Male,33.148.214.3
864,Lurline,Bowne,lbownenz@usgs.gov,Female,2.227.168.114
865,Angie,Mussen,amusseno0@is.gd,Female,47.117.174.100
866,Joline,Plampeyn,jplampeyno1@economist.com,Female,41.243.206.110
867,Dion,Amber,dambero2@telegraph.co.uk,Female,73.128.171.158
868,Von,Godfery,vgodferyo3@woothemes.com,Male,76.120.147.230
869,Frants,Milazzo,fmilazzoo4@vistaprint.com,Male,221.21.191.23
870,Gennie,Inkpen,ginkpeno5@washington.edu,Female,247.70.60.76
871,Von,Greenhalgh,vgreenhalgho6@ihg.com,Male,213.119.93.222
872,Rikki,Schultes,rschulteso7@vinaora.com,Female,19.28.229.15
873,Martguerita,Wollrauch,mwollraucho8@xinhuanet.com,Female,141.137.21.110
874,Torrence,Toe,ttoeo9@printfriendly.com,Male,219.52.255.80
875,Laureen,Reyes,lreyesoa@netlog.com,Female,164.1.118.133
876,Mareah,Jirus,mjirusob@nytimes.com,Female,123.173.17.1
877,Kellen,Bellew,kbellewoc@quantcast.com,Male,193.85.220.81
878,Trix,Cobelli,tcobelliod@vk.com,Female,233.242.3.17
879,Daphna,Lanfer,dlanferoe@comsenz.com,Female,230.225.86.138
880,Warner,Doohan,wdoohanof@qq.com,Male,138.191.251.164
881,Eyde,Bawme,ebawmeog@icio.us,Female,12.154.55.193
882,Bianka,Bruckental,bbruckentaloh@flavors.me,Female,232.114.245.245
883,Stanley,Newlands,snewlandsoi@fastcompany.com,Male,66.211.25.21
884,Mitzi,Caldwell,mcaldwelloj@barnesandnoble.com,Female,69.208.155.51
885,Raf,Dy,rdyok@spotify.com,Female,169.253.122.201
886,Madlen,Ronayne,mronayneol@bizjournals.com,Female,159.154.254.203
887,Sylas,Stanway,sstanwayom@huffingtonpost.com,Male,213.101.138.227
888,Bridgette,Housin,bhousinon@imdb.com,Female,244.23.53.26
889,Harwilll,Baudinot,hbaudinotoo@pen.io,Male,143.41.84.74
890,Hasheem,Suddards,hsuddardsop@ehow.com,Male,88.98.228.98
891,Pedro,Ivie,pivieoq@amazon.co.jp,Male,72.190.208.155
892,Neddy,Mustchin,nmustchinor@seattletimes.com,Male,51.208.6.243
893,Heath,Hacquard,hhacquardos@posterous.com,Male,115.66.24.32
894,Junia,Kinnerley,jkinnerleyot@pagesperso-orange.fr,Female,251.29.34.10
895,Ollie,Farahar,ofaraharou@uiuc.edu,Male,27.134.145.191
896,Charlene,Braybrooke,cbraybrookeov@cisco.com,Female,192.38.90.232
897,Rozelle,Mantle,rmantleow@businesswire.com,Female,169.146.196.107
898,Madlen,Tremoulet,mtremouletox@lycos.com,Female,70.238.119.51
899,Cristionna,Baert,cbaertoy@nymag.com,Female,164.83.61.26
900,Arabelle,Beardow,abeardowoz@google.pl,Female,131.201.157.1
901,Henryetta,Willerstone,hwillerstonep0@quantcast.com,Female,254.50.192.41
902,Wit,Brands,wbrandsp1@forbes.com,Male,121.221.216.36
903,Jerrie,Ball,jballp2@livejournal.com,Male,48.232.53.241
904,Tabbitha,Ancell,tancellp3@google.nl,Female,164.52.83.235
905,Inga,Limmer,ilimmerp4@clickbank.net,Female,175.12.40.121
906,Debby,Emanuelli,demanuellip5@pbs.org,Female,194.253.200.244
907,Ade,Gilpillan,agilpillanp6@bluehost.com,Male,105.19.117.32
908,Ransom,Goldring,rgoldringp7@theatlantic.com,Male,40.180.240.119
909,Milly,Pady,mpadyp8@timesonline.co.uk,Female,42.50.148.203
910,Gus,Shankle,gshanklep9@pcworld.com,Female,93.98.68.74
911,Abigail,Loweth,alowethpa@icq.com,Female,119.60.51.210
912,Loella,Debell,ldebellpb@washington.edu,Female,201.34.193.22
913,Maurice,McMorran,mmcmorranpc@netvibes.com,Male,250.98.21.153
914,Stillman,Cobello,scobellopd@arizona.edu,Male,235.21.252.14
915,Marysa,Landsberg,mlandsbergpe@nbcnews.com,Female,187.119.25.68
916,Karil,Scrase,kscrasepf@last.fm,Female,137.84.165.91
917,Tripp,Breem,tbreempg@hud.gov,Male,96.163.81.254
918,Grethel,Somerscales,gsomerscalesph@aboutads.info,Female,137.235.84.180
919,Matt,Noury,mnourypi@go.com,Male,86.106.129.243
920,Mildrid,MacFadden,mmacfaddenpj@fotki.com,Female,67.149.246.136
921,Onofredo,Fancutt,ofancuttpk@g.co,Male,145.222.24.163
922,Dorolice,Hanne,dhannepl@tripadvisor.com,Female,34.69.208.38
923,Nadia,Winridge,nwinridgepm@purevolume.com,Female,156.105.195.106
924,Feodora,Spours,fspourspn@squidoo.com,Female,164.249.196.56
925,Beitris,Bulley,bbulleypo@instagram.com,Female,94.176.89.33
926,Brigg,Zelner,bzelnerpp@sohu.com,Male,184.189.209.236
927,Cora,Forson,cforsonpq@naver.com,Female,7.147.239.196
928,Neely,Field,nfieldpr@yellowpages.com,Female,73.50.208.109
929,Miguela,Reede,mreedeps@tuttocitta.it,Female,97.238.159.87
930,Coralyn,Abbey,cabbeypt@seattletimes.com,Female,180.74.184.136
931,Wendie,Megroff,wmegroffpu@so-net.ne.jp,Female,253.53.117.96
932,Vick,Pelling,vpellingpv@icq.com,Male,121.253.156.144
933,Isidro,Raincin,iraincinpw@yellowbook.com,Male,226.80.131.181
934,Maribel,Worley,mworleypx@merriam-webster.com,Female,81.34.16.81
935,Nero,Hasker,nhaskerpy@bloomberg.com,Male,218.133.149.40
936,Timothy,Dalgety,tdalgetypz@squidoo.com,Male,156.16.126.65
937,Asher,Bridgeland,abridgelandq0@ted.com,Male,172.245.158.177
938,Louise,Akeherst,lakeherstq1@craigslist.org,Female,208.195.108.229
939,Philip,Carlesi,pcarlesiq2@canalblog.com,Male,51.49.222.186
940,Meredith,Sherrum,msherrumq3@army.mil,Male,194.121.59.95
941,Livvy,Syphas,lsyphasq4@ft.com,Female,169.239.53.154
942,Ingra,Simic,isimicq5@europa.eu,Male,246.107.27.105
943,Bastien,Cervantes,bcervantesq6@de.vu,Male,146.150.108.234
944,Ariel,Arrow,aarrowq7@nhs.uk,Male,83.28.214.219
945,Gawen,Fealey,gfealeyq8@altervista.org,Male,236.3.191.103
946,Berne,Soppit,bsoppitq9@unc.edu,Male,75.62.233.103
947,Leanora,Beek,lbeekqa@cam.ac.uk,Female,5.151.156.58
948,Jaynell,Wherrett,jwherrettqb@loc.gov,Female,225.186.142.251
949,Kipper,Kaszper,kkaszperqc@rakuten.co.jp,Male,155.156.214.193
950,Elbert,Drance,edranceqd@weibo.com,Male,204.98.169.156
951,Silas,Wight,swightqe@domainmarket.com,Male,218.190.221.101
952,Filmore,Bowman,fbowmanqf@jiathis.com,Male,194.55.224.245
953,Raynard,Crone,rcroneqg@vimeo.com,Male,7.131.218.243
954,Lianne,Lehemann,llehemannqh@huffingtonpost.com,Female,255.118.253.57
955,Nalani,Fenne,nfenneqi@ask.com,Female,80.222.206.87
956,Rafaello,Marquiss,rmarquissqj@marriott.com,Male,129.11.54.162
957,Pepi,Guthrie,pguthrieqk@cam.ac.uk,Female,140.171.131.101
958,Garry,Bradneck,gbradneckql@epa.gov,Male,5.56.144.88
959,Shawnee,Hillett,shillettqm@ucoz.com,Female,48.149.120.202
960,Robinett,McGuane,rmcguaneqn@wikispaces.com,Female,49.86.125.244
961,Georg,Fassbindler,gfassbindlerqo@hud.gov,Male,210.162.33.231
962,Jayme,Gowdy,jgowdyqp@salon.com,Male,162.164.104.123
963,Sid,Scoggan,sscogganqq@paginegialle.it,Male,89.142.1.210
964,Osbourn,Carlsen,ocarlsenqr@alexa.com,Male,222.149.157.185
965,Lamont,Mordie,lmordieqs@symantec.com,Male,253.86.189.63
966,Dean,Buttriss,dbuttrissqt@columbia.edu,Male,31.33.186.179
967,Horace,Mulqueeny,hmulqueenyqu@telegraph.co.uk,Male,153.55.251.150
968,Brittani,Sivill,bsivillqv@cdbaby.com,Female,161.152.154.113
969,Clemmie,Hand,chandqw@woothemes.com,Male,103.191.197.192
970,Cory,McKyrrelly,cmckyrrellyqx@t.co,Female,16.178.29.146
971,Paco,Elsbury,pelsburyqy@blogspot.com,Male,135.194.116.250
972,Bobby,MacDowal,bmacdowalqz@over-blog.com,Male,34.32.145.212
973,Ganny,Bohea,gbohear0@ucla.edu,Male,163.33.219.144
974,Abraham,McNysche,amcnyscher1@apple.com,Male,129.246.164.177
975,Karissa,Simioli,ksimiolir2@mlb.com,Female,69.130.231.132
976,Ringo,Anney,ranneyr3@wsj.com,Male,222.134.45.59
977,Davina,Rewan,drewanr4@tinyurl.com,Female,87.39.144.71
978,Arvy,Mandry,amandryr5@ca.gov,Male,74.237.182.142
979,Carr,Dobrovolny,cdobrovolnyr6@hostgator.com,Male,92.197.121.103
980,Fraze,Mahaddie,fmahaddier7@howstuffworks.com,Male,27.212.250.164
981,Tania,Dodshon,tdodshonr8@goo.gl,Female,188.184.44.41
982,Conni,Dows,cdowsr9@merriam-webster.com,Female,244.83.204.161
983,Con,Kopfen,ckopfenra@whitehouse.gov,Female,114.201.206.99
984,Seline,Barrell,sbarrellrb@ask.com,Female,69.79.108.199
985,Erastus,Celier,ecelierrc@ftc.gov,Male,221.239.162.125
986,Gabi,McGirr,gmcgirrrd@spotify.com,Male,81.206.66.25
987,Cecily,Yannoni,cyannonire@issuu.com,Female,148.140.62.41
988,Stewart,Filde,sfilderf@ycombinator.com,Male,161.182.189.57
989,Holden,Strange,hstrangerg@who.int,Male,234.68.111.150
990,Rabi,Mc Carroll,rmccarrollrh@wiley.com,Male,197.37.124.209
991,Chico,Burberry,cburberryri@theatlantic.com,Male,220.58.66.188
992,Lira,Darrigrand,ldarrigrandrj@cnet.com,Female,191.218.143.214
993,Karleen,Hartright,khartrightrk@cargocollective.com,Female,209.228.138.132
994,Leola,Stagge,lstaggerl@marriott.com,Female,69.50.113.171
995,Hebert,Josovitz,hjosovitzrm@github.com,Male,154.6.81.191
996,Javier,Whebell,jwhebellrn@weather.com,Male,153.140.141.163
997,Janel,Garatty,jgarattyro@g.co,Female,229.38.20.198
998,Fernande,Baudassi,fbaudassirp@fc2.com,Female,119.84.87.227
999,Bonnibelle,Sharer,bsharerrq@friendfeed.com,Female,240.8.56.87
1000,Corliss,Edghinn,cedghinnrr@themeforest.net,Female,108.110.163.101
